"pathway","diff_score","AveExpr","t_stat","p_val","padj","B"
"HALLMARK_MYC_TARGETS_V1",0.0263929568186015,0.97035101139053,12.4077109521759,7.15329844369069e-28,3.57664922184535e-26,51.3294843427937
"HALLMARK_UNFOLDED_PROTEIN_RESPONSE",0.0163309767253181,0.866855708489726,12.0065116582542,1.57178627758034e-26,3.92946569395085e-25,48.248507057258
"HALLMARK_ANGIOGENESIS",-0.0234558766399591,0.456776953807011,-10.2721591106779,6.97874616961039e-21,1.16312436160173e-19,35.2990322652245
"HALLMARK_MYOGENESIS",-0.0159067066783684,0.429583208577153,-8.89644257589527,1.18406061533576e-16,1.4800757691697e-15,25.6262980507407
"HALLMARK_HYPOXIA",-0.00967867021359142,0.652240996357692,-8.8514234678179,1.61054484170884e-16,1.61054484170884e-15,25.3212743655222
"HALLMARK_E2F_TARGETS",0.0231046890771553,0.736983594169509,8.75652665137481,3.07238144229957e-16,2.56031786858298e-15,24.6809718060004
"HALLMARK_COAGULATION",-0.0169165360044741,0.435863600205191,-8.5197721069219,1.51540294987691e-15,1.0824306784835e-14,23.09967672482
"HALLMARK_IL6_JAK_STAT3_SIGNALING",-0.0126069160838439,0.780219993033468,-8.32818661700343,5.42044010025071e-15,3.38777506265669e-14,21.8375833646835
"HALLMARK_ALLOGRAFT_REJECTION",0.00856536941428987,0.847097878771465,8.1587013103334,1.65200220328999e-14,9.17779001827772e-14,20.7346680055137
"HALLMARK_INTERFERON_ALPHA_RESPONSE",0.0308511288316141,0.997619528550859,7.85960078210696,1.14429146613634e-13,5.7214573306817e-13,18.8207700968914
"HALLMARK_MTORC1_SIGNALING",0.0115019346463323,0.860556251354881,7.80624554042225,1.60913621015762e-13,7.31425550071645e-13,18.4838615252769
"HALLMARK_EPITHELIAL_MESENCHYMAL_TRANSITION",-0.0112209946092155,0.426631238886979,-7.55275261504439,7.97883006544505e-13,3.25985548753788e-12,16.9025262176326
"HALLMARK_INTERFERON_GAMMA_RESPONSE",0.02102066719,0.957696478746592,7.5430913639054,8.47562426759849e-13,3.25985548753788e-12,16.8429015080595
"HALLMARK_G2M_CHECKPOINT",0.0171454235118324,0.75642454117003,7.4109217348671,1.92758325393479e-12,6.88422590690998e-12,16.0320724722805
"HALLMARK_PANCREAS_BETA_CELLS",0.0127186638558215,0.114188326257938,7.36316008422025,2.58835166373867e-12,8.62783887912891e-12,15.7413188715612
"HALLMARK_TNFA_SIGNALING_VIA_NFKB",-0.0102545685900844,0.764468103133412,-6.49443294239798,4.45681718450523e-10,1.39275537015788e-09,10.6743158383784
"HALLMARK_P53_PATHWAY",-0.00732485702928015,0.745208408485904,-6.37665611376323,8.66840254384096e-10,2.54953015995322e-09,10.0215249652303
"HALLMARK_XENOBIOTIC_METABOLISM",-0.00885592011182496,0.558198264468086,-6.03540691527111,5.6828439316565e-09,1.57856775879347e-08,8.17937472911143
"HALLMARK_PROTEIN_SECRETION",0.0121165618788233,0.886919028448262,5.97974615464292,7.67019245497282e-09,2.01847169867706e-08,7.88602608968347
"HALLMARK_HEME_METABOLISM",-0.0222405573820664,0.801224533789829,-5.77006008957354,2.33234792841103e-08,5.83086982102757e-08,6.79937342773517
"HALLMARK_REACTIVE_OXYGEN_SPECIES_PATHWAY",-0.0125291308530283,0.899381793850787,-5.55371892166149,7.13112850060964e-08,1.69788773824039e-07,5.70947914182774
"HALLMARK_OXIDATIVE_PHOSPHORYLATION",0.0134831344715535,0.868476201041017,5.48929483794736,9.88781025797334e-08,2.23173165409471e-07,5.39118712475235
"HALLMARK_MYC_TARGETS_V2",0.0173552987220471,0.75962564315976,5.48186160781521,1.02659656088357e-07,2.23173165409471e-07,5.354650073184
"HALLMARK_SPERMATOGENESIS",0.00526703227737482,0.291765133523591,5.18759944257339,4.40136500286536e-07,9.16951042263617e-07,3.93987467604631
"HALLMARK_UV_RESPONSE_DN",0.0061049786873964,0.638479697683802,4.63299953321241,5.80059961842603e-06,1.16003873814808e-05,1.44711868791051
"HALLMARK_ANDROGEN_RESPONSE",0.00846452861536506,0.781234253103993,4.62419395204698,6.03220143837003e-06,1.16003873814808e-05,1.40943254578936
"HALLMARK_MITOTIC_SPINDLE",0.00626763914420575,0.821432472826747,4.27629443744062,2.70520862655273e-05,4.87898031044555e-05,-0.0305742882047788
"HALLMARK_APICAL_JUNCTION",-0.00590723515416217,0.563680616518799,-4.27391775745101,2.73222897384951e-05,4.87898031044555e-05,-0.0400793095830743
"HALLMARK_CHOLESTEROL_HOMEOSTASIS",-0.00659631134652419,0.698536195748309,-4.0038118904056,8.21914541941367e-05,0.000141709403782994,-1.09030288989775
"HALLMARK_UV_RESPONSE_UP",-0.00495681512987881,0.709622760457345,-3.79473994328438,0.000185433452186689,0.000309055753644482,-1.86173278693219
"HALLMARK_APICAL_SURFACE",-0.00522837986306152,0.53498909015317,-3.27791989045184,0.00119400926647653,0.00192582139754279,-3.60860115529103
"HALLMARK_PEROXISOME",0.00310546040647197,0.678178085285286,3.05117108290543,0.00252485883420267,0.00394509192844166,-4.30114149168923
"HALLMARK_FATTY_ACID_METABOLISM",0.00319644755455847,0.68485570247158,2.61974928070981,0.00933705824323395,0.0141470579442939,-5.49064936945601
"HALLMARK_INFLAMMATORY_RESPONSE",-0.00336112279952894,0.698495006630767,-2.11575099949464,0.0353539059516677,0.0519910381642172,-6.6620043876565
"HALLMARK_IL2_STAT5_SIGNALING",0.00157170089982062,0.759094382099295,1.78265389756727,0.0758547081137197,0.108148046519537,-7.30393434653361
"HALLMARK_ESTROGEN_RESPONSE_EARLY",-0.00186455935458141,0.554453728451288,-1.77046736302441,0.0778665934940666,0.108148046519537,-7.32539621643248
"HALLMARK_KRAS_SIGNALING_UP",-0.00250157430014311,0.563098679558747,-1.75380041719602,0.0806887190946576,0.109038809587375,-7.35451610320633
"HALLMARK_DNA_REPAIR",0.00298296784408669,0.798625406282177,1.71114633441105,0.0882930513628721,0.116175067582726,-7.42781526450158
"HALLMARK_APOPTOSIS",-0.00195885209185881,0.810930283929164,-1.66350294928736,0.0974633977277511,0.124953074009937,-7.50760329975037
"HALLMARK_PI3K_AKT_MTOR_SIGNALING",0.000874951405348434,0.849272721176449,1.44294978485448,0.150284975220131,0.1864465772161,-7.84817709217186
"HALLMARK_NOTCH_SIGNALING",-0.00231933090442121,0.67787739585371,-1.43376939623211,0.152886193317202,0.1864465772161,-7.86132338861089
"HALLMARK_GLYCOLYSIS",-0.00155477378466506,0.638907614911897,-1.41293228549953,0.158918002096366,0.189188097733769,-7.8908557471748
"HALLMARK_ESTROGEN_RESPONSE_LATE",-0.0016679768708944,0.504418711769701,-1.29899744326462,0.195140228580839,0.22690724253586,-8.04480261805316
"HALLMARK_WNT_BETA_CATENIN_SIGNALING",-0.00238645683840322,0.695048112475881,-1.27317469241069,0.204137331682876,0.231974240548722,-8.07792044767679
"HALLMARK_KRAS_SIGNALING_DN",0.00104975031113309,0.182488173678239,1.1757011036892,0.240831499674238,0.267590555193598,-8.19701069460739
"HALLMARK_HEDGEHOG_SIGNALING",-0.0018011352570427,0.515926070531729,-1.04091501477159,0.298919459446176,0.324912455919756,-8.34622893919241
"HALLMARK_ADIPOGENESIS",-0.00143978800098976,0.734531072100797,-0.962649884533411,0.336652392736601,0.358140843336809,-8.42461730984787
"HALLMARK_TGF_BETA_SIGNALING",0.00104005373229804,0.815018284329327,0.80308649314546,0.422686735535375,0.440298682849349,-8.56558457550904
"HALLMARK_COMPLEMENT",0.000715263603377037,0.778318486314582,0.53089097934572,0.595965103785836,0.608127656924322,-8.7474904953607
"HALLMARK_BILE_ACID_METABOLISM",0.000328884643812005,0.500559702428526,0.414269671678927,0.679031438492165,0.679031438492165,-8.8027632388473
