ID,Description,p.adjust,parent,parentTerm,GeneRatio,BgRatio,RichFactor,FoldEnrichment,zScore,pvalue,qvalue,geneID,Count,cluster,score,size,term,termUniqueness,termUniquenessWithinCluster,termDispensability
GO:0051607,defense response to virus,3.7807343775951998e-19,GO:0051607,defense response to virus,56/605,407/21273,0.137592137592138,4.83801246776453,13.3757027046381,8.33495233155908e-23,3.46207598950865e-19,USP18/IFI44L/OAS2/IFI27/DDX60/OAS3/IFIH1/RSAD2/IFI6/IFIT5/OAS1/MX1/HERC5/IFIT1/EIF2AK2/ISG15/RTP4/OASL/IFIT3/TRIM5/TRIM22/ZBP1/DHX58/RIGI/IFIT2/IFI16/CXCL10/MOV10/TRIM6/IFITM1/PLSCR1/MX2/SHFL/DTX3L/CD40/CXCL9/PML/GBP7/IRF7/TRIM38/STAT2/TLR7/NT5C3A/PARP9/BST2/IFNLR1/SAMHD1/IFNGR1/SERINC3/DDX21/GBP1/ADAR/ISG20/STAT1/TRIM21/BCL2,56,1,18.42242383371838,321,defense response to virus,0.791796875,0.35840000000000005,0
GO:1903900,regulation of viral life cycle,1.41154144499603e-13,GO:1903900,regulation of viral life cycle,29/605,143/21273,0.202797202797203,7.13075189273536,12.5853307671668,6.223727711622711e-17,1.29256997631912e-13,OAS2/LAMP3/OAS3/IFIH1/RSAD2/IFIT5/OAS1/MX1/IFIT1/EIF2AK2/ISG15/OASL/AXL/TRIM5/IFI16/TRIM6/IFITM1/PLSCR1/SHFL/CD28/GBP7/TRIM38/BST2/KPNA2/ADAR/ISG20/ARK2N/TRIM21/BCL2,29,2,12.85030636578569,115,regulation of viral life cycle,0.901375,0.1801111111111111,0
GO:0050792,regulation of viral process,2.18424460236259e-13,GO:1903900,regulation of viral life cycle,32/605,183/21273,0.174863387978142,6.1485435577835,11.9675229601275,1.44460621849377e-16,2.00014601339524e-13,OAS2/LAMP3/OAS3/IFIH1/RSAD2/IFIT5/OAS1/MX1/IFIT1/EIF2AK2/ISG15/OASL/AXL/TRIM5/TRIM14/SP100/IFI16/TRIM6/IFITM1/PLSCR1/SHFL/CD28/GBP7/TRIM38/BST2/KPNA2/ADAR/ISG20/STAT1/ARK2N/TRIM21/BCL2,32,2,12.660698728829908,142,regulation of viral process,0.90109375,0.18722222222222218,0.98
GO:0045069,regulation of viral genome replication,5.49351096824353e-13,GO:1903900,regulation of viral life cycle,23/605,90/21273,0.255555555555556,8.98584022038567,12.9891508732691,4.84436593319535e-16,5.030491571681279e-13,OAS2/OAS3/IFIH1/RSAD2/IFIT5/OAS1/MX1/IFIT1/EIF2AK2/ISG15/OASL/IFI16/TRIM6/IFITM1/PLSCR1/SHFL/CD28/GBP7/TRIM38/BST2/ADAR/ISG20/BCL2,23,2,12.26015000404291,80,regulation of viral genome replication,0.90196875,0.17488888888888887,0.976
GO:0019079,viral genome replication,1.49559115978374e-11,GO:1903900,regulation of viral life cycle,26/605,138/21273,0.188405797101449,6.62472152353575,11.3415409667648,1.64857932074927e-14,1.36953557887929e-11,OAS2/IFI27/OAS3/IFIH1/RSAD2/IFIT5/OAS1/MX1/IFIT1/EIF2AK2/ISG15/OASL/CCL2/IFI16/TRIM6/IFITM1/PLSCR1/SHFL/CCL8/CD28/GBP7/TRIM38/BST2/ADAR/ISG20/BCL2,26,2,10.825187110560133,124,viral genome replication,0.94640625,0.23777777777777775,0.839
GO:0045071,negative regulation of viral genome replication,2.6565576913307298e-11,GO:1903900,regulation of viral life cycle,18/605,60/21273,0.3,10.5485950413223,12.6720441525464,3.51396520017293e-14,2.4326502947162e-11,OAS2/OAS3/IFIH1/RSAD2/IFIT5/OAS1/MX1/IFIT1/EIF2AK2/ISG15/OASL/IFI16/TRIM6/IFITM1/PLSCR1/SHFL/BST2/ISG20,18,2,10.575680748263737,50,negative regulation of viral genome replication,0.882875,0.1874444444444444,0.947
GO:0048525,negative regulation of viral process,5.1355011185021194e-11,GO:1903900,regulation of viral life cycle,23/605,112/21273,0.205357142857143,7.22076446280992,11.2932072617627,7.92515604707117e-14,4.7026565055252394e-11,OAS2/OAS3/IFIH1/RSAD2/IFIT5/OAS1/MX1/IFIT1/EIF2AK2/ISG15/OASL/TRIM14/SP100/IFI16/TRIM6/IFITM1/PLSCR1/SHFL/BST2/ISG20/STAT1/ARK2N/TRIM21,23,2,10.289417171856057,76,negative regulation of viral process,0.882671875,0.2088888888888889,0.938
GO:0034340,response to type I interferon,1.46532236879286e-10,GO:0034340,response to type I interferon,21/605,96/21273,0.21875,7.69168388429752,11.2427211193273,2.58434280210381e-13,1.34181798646074e-10,USP18/OAS2/IFI27/OAS3/IFIH1/OAS1/MX1/IFIT1/ISG15/OASL/ZBP1/SP100/CR2/TRIM6/IFITM1/SHFL/IRF7/STAT2/SAMHD1/ADAR/STAT1,21,3,9.834066820643304,92,response to type I interferon,0.702046875,0.34605555555555556,0
GO:0140888,interferon-mediated signaling pathway,2.70876759186236e-10,NA,NA,23/605,122/21273,0.188524590163934,6.62889852323533,10.667692907959,5.37453887274278e-13,2.4804596949524004e-10,USP18/OAS2/IFI27/OAS3/IFIH1/OAS1/ISG15/OASL/ZBP1/SP100/PARP14/CR2/TRIM6/IFITM1/IRF7/STAT2/PARP9/IFNLR1/SAMHD1/IFNGR1/ADAR/STAT1/JAK2,23,NA,NA,NA,NA,NA,NA,NA
GO:0019058,viral life cycle,1.19042427153776e-9,GO:1903900,regulation of viral life cycle,38/605,356/21273,0.106741573033708,3.75324542668772,8.96298872992282,2.7535257556497198e-12,1.09008961651536e-9,SIGLEC1/OAS2/IFI27/LAMP3/OAS3/IFIH1/RSAD2/IFIT5/OAS1/MX1/IFIT1/EIF2AK2/ISG15/OASL/AXL/TRIM5/CCL2/IFI16/CR2/TRIM6/IFITM1/PLSCR1/SHFL/CCL8/CD28/GBP7/SCARB2/TRIM38/BST2/CHMP5/KPNA2/ADAR/ISG20/ARK2N/TRIM21/CTSL/BCL2/UVRAG,38,2,8.92429822688602,295,viral life cycle,0.9450625,0.21866666666666668,0.909
GO:0016032,viral process,1.19042427153776e-9,GO:1903900,regulation of viral life cycle,45/605,482/21273,0.0933609958506224,3.28275779294263,8.67317854918381,2.8868313463217198e-12,1.09008961651536e-9,SIGLEC1/OAS2/IFI27/LAMP3/OAS3/IFIH1/RSAD2/IFIT5/OAS1/MX1/IFIT1/EIF2AK2/ISG15/OASL/AXL/TRIM5/CCL2/TRIM14/SP100/IFI16/CR2/TRIM6/IFITM1/PLSCR1/SHFL/CCL8/CD28/GBP7/IRF7/SCARB2/TRIM38/PARP9/BST2/CSNK1A1/CHMP5/KPNA2/ADAR/ISG20/STAT1/PEG10/ARK2N/TRIM21/CTSL/BCL2/UVRAG,45,2,8.92429822688602,421,viral process,0.945515625,0.22511111111111115,0.876
GO:0071357,cellular response to type I interferon,2.63698784577693e-9,GO:0034340,response to type I interferon,19/605,90/21273,0.211111111111111,7.4230853994490396,10.4472945892857,6.9761583221612e-12,2.41472988940773e-9,USP18/OAS2/IFI27/OAS3/IFIH1/OAS1/IFIT1/ISG15/OASL/ZBP1/SP100/CR2/TRIM6/IFITM1/IRF7/STAT2/SAMHD1/ADAR/STAT1,19,3,8.578891871922218,86,cellular response to type I interferon,0.7023828125,0.3409444444444445,0.994
GO:0042113,B cell activation,3.4720365315792904e-9,GO:0042113,B cell activation,34/605,303/21273,0.112211221122112,3.94556910236478,8.83535365295712,9.950721982039398e-12,3.1793966753949405e-9,EPHB2/CR2/FCRL1/BLNK/CD22/PAX5/MS4A1/CCR6/CD40/FCRL3/CD19/FLT3/CD28/CD79B/BANK1/IRS2/FCRL5/CXCR5/BST2/TNFRSF13C/IL4I1/CASP8/POU2AF1/CD40LG/SWAP70/CD79A/ADA/MEF2C/IL7R/AHR/SLAMF8/PAWR/PIK3R1/BCL2,34,4,8.459415713973703,287,B cell activation,0.812296875,0.4825294117647059,0
GO:0060337,type I interferon-mediated signaling pathway,1.73241048884029e-8,GO:0034340,response to type I interferon,18/605,89/21273,0.202247191011236,7.1114123874083,9.88473959385218,5.3469459532107596e-11,1.58639464145637e-8,USP18/OAS2/IFI27/OAS3/IFIH1/OAS1/ISG15/OASL/ZBP1/SP100/CR2/TRIM6/IFITM1/IRF7/STAT2/SAMHD1/ADAR/STAT1,18,3,7.761349195508076,85,type I interferon-mediated signaling pathway,0.6726640625,0.3279444444444445,0.993
GO:0140374,antiviral innate immune response,4.84569807151062e-7,GO:0051607,defense response to virus,16/605,84/21273,0.19047619047619,6.69752066115703,8.95164692784416,1.6024133834360502e-9,4.43727944634292e-7,USP18/OAS2/OAS3/IFIH1/OAS1/MX1/IFIT1/EIF2AK2/OASL/IFIT3/ZBP1/DHX58/RIGI/IFIT2/CXCL10/TRIM6,16,1,6.314643649621112,60,antiviral innate immune response,0.7560546875,0.42690000000000006,0.86
GO:0042100,B cell proliferation,6.36894383891203e-7,GO:0042100,B cell proliferation,17/605,98/21273,0.173469387755102,6.09952774498229,8.65693009097725,2.2465410366532703e-9,5.83213877015382e-7,EPHB2/CR2/CD22/MS4A1/CD40/FCRL3/CD19/IRS2/TNFRSF13C/CD40LG/CD79A/ADA/MEF2C/IL7R/AHR/PAWR/BCL2,17,5,6.195932580688548,93,B cell proliferation,0.8046796875,0.22499999999999998,0
GO:0002429,immune response-activating cell surface receptor signaling pathway,8.94195149379171e-6,GO:0042113,B cell activation,35/605,433/21273,0.0808314087759815,2.84219265932472,6.62617285997899,3.35126048047749e-8,8.18828102536482e-6,OAS1/STAP1/CR2/IFI35/BLNK/PLSCR1/CD22/MS4A1/FCRL3/CD72/CD19/NMI/CD28/CD79B/BANK1/PIK3AP1/WDFY1/PRKCE/BLK/CD79A/CD2AP/ADA/CD8A/MEF2C/GBP1/FCER2/MAPK1/PLCG1/DAB2IP/CD160/PAWR/BTN3A3/PIK3R1/BCL2/BTN2A2,35,4,5.048567690320787,340,immune response-activating cell surface receptor signaling pathway,0.6828203125000001,0.3022941176470588,0.471
GO:0035456,response to interferon-beta,1.02608976821739e-5,GO:0034340,response to type I interferon,10/605,36/21273,0.277777777777778,9.767217630854,9.00739228271523,4.19341693778431e-8,9.39606011646205e-6,XAF1/OAS1/PNPT1/IFI16/TRIM6/IFITM1/PLSCR1/SHFL/BST2/STAT1,10,3,4.988814642990225,35,response to interferon-beta,0.8596874999999999,0.44127777777777777,0.581
GO:0060759,regulation of response to cytokine stimulus,1.02608976821739e-5,GO:0034340,response to type I interferon,24/605,229/21273,0.104803493449782,3.68509870439207,6.98950584946955,4.29799506087532e-8,9.39606011646205e-6,USP18/OAS3/IFIH1/OAS1/ISG15/AXL/ZBP1/RIGI/STAP1/PARP14/TRIM6/CD40/IRF7/STAT2/IL1R2/PARP9/USP25/CASP8/SAMHD1/VRK2/ADAR/C1QTNF4/CISH/BIRC7,24,3,4.988814642990225,201,regulation of response to cytokine stimulus,0.7712656250000001,0.30594444444444446,0.659
GO:0050853,B cell receptor signaling pathway,2.24577262799563e-5,GO:0042113,B cell activation,14/605,84/21273,0.166666666666667,5.8603305785124,7.63629758959262,9.90199571426646e-8,2.05648816255239e-5,STAP1/BLNK/CD22/MS4A1/FCRL3/CD72/CD19/CD79B/BANK1/BLK/CD79A/MEF2C/MAPK1/BCL2,14,4,4.648634215752847,78,B cell receptor signaling pathway,0.714265625,0.3518823529411764,0.414
GO:0001959,regulation of cytokine-mediated signaling pathway,5.58507153080528e-5,GO:0034340,response to type I interferon,22/605,216/21273,0.101851851851852,3.58131313131313,6.52381956324982,2.5856812642617e-7,5.11433497181789e-5,USP18/OAS3/OAS1/ISG15/AXL/ZBP1/STAP1/PARP14/TRIM6/CD40/IRF7/STAT2/IL1R2/PARP9/USP25/CASP8/SAMHD1/VRK2/ADAR/C1QTNF4/CISH/BIRC7,22,3,4.252971260286047,189,regulation of cytokine-mediated signaling pathway,0.7504296875,0.2905,0.656
GO:0002221,pattern recognition receptor signaling pathway,9.43923308766814e-5,GO:0042113,B cell activation,29/605,357/21273,0.0812324929971989,2.85629557608167,6.05166033571684,4.57811128590606e-7,8.64364934650016e-5,DDX60/OAS3/IFIH1/RSAD2/OAS1/EIF2AK2/OASL/DHX58/RIGI/IFI16/IFI35/BIRC3/FCRL3/NMI/IRF7/TLR7/PIK3AP1/WDFY1/PRKCE/MAP2K6/TLR10/CSNK1A1/PARP1/CLEC4E/UFD1/IRF4/DAB2IP/WASHC4/PIK3R1,29,4,4.025063289528607,288,pattern recognition receptor signaling pathway,0.6308437499999999,0.3103529411764706,0.473
GO:0060338,regulation of type I interferon-mediated signaling pathway,1.564946012607e-4,GO:0034340,response to type I interferon,10/605,48/21273,0.208333333333333,7.3254132231405,7.50616824231548,7.93513189813971e-7,1.4330448727715e-4,USP18/OAS3/OAS1/ISG15/ZBP1/TRIM6/IRF7/STAT2/SAMHD1/ADAR,10,3,3.8055006401183595,45,regulation of type I interferon-mediated signaling pathway,0.6543749999999999,0.29355555555555557,0.931
GO:0002218,activation of innate immune response,1.5672913136024e-4,GO:0042113,B cell activation,31/605,409/21273,0.0757946210268949,2.66508921174402,5.81745452397319,8.29254663281734e-7,1.4351925005744e-4,DDX60/OAS3/IFIH1/RSAD2/OAS1/EIF2AK2/OASL/TRIM5/ZBP1/DHX58/RIGI/IFI16/IFI35/BIRC3/FCRL3/NMI/IRF7/TLR7/PIK3AP1/WDFY1/PRKCE/MAP2K6/TLR10/CSNK1A1/PARP1/CLEC4E/UFD1/IRF4/DAB2IP/WASHC4/PIK3R1,31,4,3.8048502733900595,325,activation of innate immune response,0.637921875,0.31729411764705884,0.478
GO:0050851,antigen receptor-mediated signaling pathway,1.6638309195492e-4,GO:0042113,B cell activation,24/605,270/21273,0.0888888888888889,3.12550964187328,6.01363297061403,9.1701439569515e-7,1.5235952864897e-4,STAP1/BLNK/CD22/MS4A1/FCRL3/CD72/CD19/CD28/CD79B/BANK1/BLK/CD79A/CD2AP/ADA/CD8A/MEF2C/GBP1/MAPK1/PLCG1/CD160/PAWR/BTN3A3/BCL2/BTN2A2,24,4,3.7788908093179576,213,antigen receptor-mediated signaling pathway,0.6926640625,0.3104117647058824,0.451
GO:0032479,regulation of type I interferon production,1.7891468801125e-4,GO:0032606,type I interferon production,18/605,164/21273,0.109756097560976,3.85924208828865,6.28885592278672,1.06496838101936e-6,1.6383490181295e-4,SIGLEC1/OAS2/OAS3/IFIH1/XAF1/OAS1/ISG15/DHX58/RIGI/NMI/GBP7/IRF7/TRIM38/TLR7/KPNA2/UFD1/STAT1/TRIM21,18,6,3.747354004539447,129,regulation of type I interferon production,0.861203125,0.19089999999999996,0.999
GO:0032606,type I interferon production,1.7891468801125e-4,GO:0032606,type I interferon production,18/605,164/21273,0.109756097560976,3.85924208828865,6.28885592278672,1.06496838101936e-6,1.6383490181295e-4,SIGLEC1/OAS2/OAS3/IFIH1/XAF1/OAS1/ISG15/DHX58/RIGI/NMI/GBP7/IRF7/TRIM38/TLR7/KPNA2/UFD1/STAT1/TRIM21,18,6,3.747354004539447,129,type I interferon production,0.90859375,0.19110000000000005,0
GO:0030522,intracellular receptor signaling pathway,2.8224230904868e-4,GO:0030522,intracellular receptor signaling pathway,33/605,467/21273,0.0706638115631692,2.48467977418727,5.55046742823405,1.74223647560917e-6,2.5845357641931e-4,DDX60/OAS3/IFIH1/RSAD2/OAS1/EIF2AK2/KDM5D/OASL/DHX58/RIGI/SP100/IFI16/BIRC3/FCRL3/TWIST1/PML/IRF7/TLR7/NR5A1/PIK3AP1/WDFY1/MAP2K6/CSNK1A1/PARP1/PMEPA1/UFD1/BRCA1/MAPK1/CALCOCO1/AHR/ALOX15B/JAK2/WASHC4,33,7,3.5493778835331167,393,intracellular receptor signaling pathway,0.83203125,0.3716666666666666,0
GO:0035455,response to interferon-alpha,2.8278729549996e-4,GO:0034340,response to type I interferon,8/605,31/21273,0.258064516129032,9.07406025059984,7.69675661489122,1.80794346770259e-6,2.5895262880415e-4,LAMP3/OAS1/EIF2AK2/AXL/IFITM1/MX2/BST2/ADAR,8,3,3.5485401055476995,20,response to interferon-alpha,0.868078125,0.48472222222222217,0.559
GO:0002758,innate immune response-activating signaling pathway,3.2046502582368e-4,GO:0042113,B cell activation,29/605,385/21273,0.0753246753246753,2.64856498873028,5.58496724913911,2.11947768401905e-6,2.9345469968909e-4,DDX60/OAS3/IFIH1/RSAD2/OAS1/EIF2AK2/OASL/DHX58/RIGI/IFI16/IFI35/BIRC3/FCRL3/NMI/IRF7/TLR7/PIK3AP1/WDFY1/PRKCE/MAP2K6/TLR10/CSNK1A1/PARP1/CLEC4E/UFD1/IRF4/DAB2IP/WASHC4/PIK3R1,29,4,3.4942193605931853,305,innate immune response-activating signaling pathway,0.6296015625,0.3085882352941176,0.475
GO:0050864,regulation of B cell activation,3.2760391905708e-4,GO:0042113,B cell activation,16/605,139/21273,0.115107913669065,4.04742255782151,6.16711219831085,2.23891567256825e-6,2.9999189283376e-4,EPHB2/CD22/CD40/FCRL3/CD19/CD28/BANK1/IRS2/TNFRSF13C/IL4I1/ADA/MEF2C/AHR/SLAMF8/PAWR/BCL2,16,4,3.484650911506602,134,regulation of B cell activation,0.7630234375,0.42252941176470593,0.928
GO:0060339,negative regulation of type I interferon-mediated signaling pathway,4.6787845741942e-4,GO:0034340,response to type I interferon,7/605,24/21273,0.291666666666667,10.2555785123967,7.76198081200406,3.30072985833806e-6,4.2844342174348e-4,USP18/OAS3/OAS1/ISG15/STAT2/SAMHD1/ADAR,7,3,3.3298669506172964,24,negative regulation of type I interferon-mediated signaling pathway,0.6483515625,0.3131666666666667,0.89
GO:0070098,chemokine-mediated signaling pathway,5.6492983358003e-4,GO:0034340,response to type I interferon,13/605,98/21273,0.13265306122449,4.66434474616293,6.22057137114025,4.10993926546324e-6,5.1731484342959e-4,CCL2/CXCL10/CCR6/CXCL9/CCL8/CXCL11/CCL7/CXCR5/CCL13/CCR1/CCRL2/CXCL12/JAK2,13,3,3.248005489846674,83,chemokine-mediated signaling pathway,0.790171875,0.36577777777777776,0.618
GO:0034341,response to type II interferon,7.1000895173996e-4,GO:0034340,response to type I interferon,17/605,166/21273,0.102409638554217,3.60092601812208,5.7557432268811,5.45831950366654e-6,6.5016599915666e-4,CCL2/SP100/PARP14/NUB1/IFITM1/SHFL/CD40/GBP7/PARP9/BST2/VAMP3/GBP4/IFNGR1/GBP1/STAT1/JAK2/TRIM21,17,3,3.1487361756939385,121,response to type II interferon,0.709453125,0.4037222222222222,0.633
GO:0002753,cytoplasmic pattern recognition receptor signaling pathway,7.1000895173996e-4,GO:0030522,intracellular receptor signaling pathway,21/605,240/21273,0.0875,3.07667355371901,5.53548738301971,5.58595444793565e-6,6.5016599915666e-4,DDX60/OAS3/IFIH1/RSAD2/OAS1/EIF2AK2/OASL/DHX58/RIGI/IFI16/BIRC3/FCRL3/IRF7/TLR7/PIK3AP1/WDFY1/MAP2K6/CSNK1A1/PARP1/UFD1/WASHC4,21,7,3.1487361756939385,186,cytoplasmic pattern recognition receptor signaling pathway,0.6386093749999999,0.3391666666666666,0.935
GO:0030888,regulation of B cell proliferation,7.1000895173996e-4,GO:0042100,B cell proliferation,11/605,72/21273,0.152777777777778,5.3719696969697,6.35766794459738,5.63499168047592e-6,6.5016599915666e-4,EPHB2/CD22/CD40/FCRL3/IRS2/TNFRSF13C/ADA/MEF2C/AHR/PAWR/BCL2,11,5,3.1487361756939385,68,regulation of B cell proliferation,0.753765625,0.22957142857142854,0.97
GO:0030183,B cell differentiation,8.1194914719982e-4,GO:0042113,B cell activation,16/605,151/21273,0.105960264900662,3.72577308302775,5.75099878866431,6.62304198553652e-6,7.435141870534e-4,CR2/BLNK/PAX5/MS4A1/FCRL3/CD19/FLT3/CD79B/IL4I1/POU2AF1/CD40LG/CD79A/ADA/SLAMF8/PIK3R1/BCL2,16,4,3.090471169997856,141,B cell differentiation,0.8208515625,0.5074705882352941,0.921
GO:0006959,humoral immune response,0.00119203070835315,GO:0042113,B cell activation,29/605,417/21273,0.0695443645083933,2.4453177953505,5.09974535875623,9.98614790948406e-6,0.00109156065514748,CCL2/CXCL13/CXCL10/CR2/DEFB1/BLNK/MS4A1/CCR6/CXCL9/C2/CCL8/CD28/CXCL11/CCL7/SERPING1/CD83/CCL13/JCHAIN/C1QB/POU2AF1/VSIG4/MEF2C/FCER2/CXCL12/C1QC/C1QA/BCL2/CCL28/CD5L,29,4,2.923712556427547,309,humoral immune response,0.799515625,0.5195294117647059,0.471
GO:1990868,response to chemokine,0.00124406912163221,GO:0034340,response to type I interferon,13/605,107/21273,0.121495327102804,4.27201668340156,5.80524596651007,1.09706271748872e-5,0.00113921302189749,CCL2/CXCL10/CCR6/CXCL9/CCL8/CXCL11/CCL7/CXCR5/CCL13/CCR1/CCRL2/CXCL12/JAK2,13,3,2.905155489171335,92,response to chemokine,0.8475078125,0.38761111111111113,0.624
GO:1990869,cellular response to chemokine,0.00124406912163221,GO:0034340,response to type I interferon,13/605,107/21273,0.121495327102804,4.27201668340156,5.80524596651007,1.09706271748872e-5,0.00113921302189749,CCL2/CXCL10/CCR6/CXCL9/CCL8/CXCL11/CCL7/CXCR5/CCL13/CCR1/CCRL2/CXCL12/JAK2,13,3,2.905155489171335,92,cellular response to chemokine,0.846328125,0.37922222222222224,0.624
GO:0030098,lymphocyte differentiation,0.00139973205909338,GO:0042113,B cell activation,32/605,490/21273,0.0653061224489796,2.29629279811098,4.96683408099178,1.26518991231985e-5,0.00128175594198053,RSAD2/AXL/CR2/HLA-DOA/BLNK/PAX5/MS4A1/CCR6/FCRL3/CD19/FLT3/CD28/CD79B/CD83/IL4I1/POU2AF1/MR1/CD40LG/LAG3/CD79A/ADA/CD8A/CLEC4E/IL7R/IL2RA/IRF4/TNFRSF9/SLAMF8/CTSL/PIK3R1/BCL2/BTN2A2,32,4,2.853955090317479,432,lymphocyte differentiation,0.8111796875,0.49517647058823533,0.787
GO:0002832,negative regulation of response to biotic stimulus,0.00151110368372152,GO:0002832,negative regulation of response to biotic stimulus,20/605,235/21273,0.0851063829787234,2.9925092315808,5.25490260317256,1.39917007751993e-5,0.00138374063305605,USP18/OAS3/OAS1/ISG15/DHX58/PARP14/IFI16/NMI/TRIM38/SERPING1/STAT2/IL4I1/SAMHD1/PARP1/VSIG4/ADAR/AHR/SLAMF8/TRIM21/TRAFD1,20,8,2.8207057357117673,135,negative regulation of response to biotic stimulus,0.7566640625,0.46975,0
GO:0045824,negative regulation of innate immune response,0.00195366162702693,GO:0002832,negative regulation of response to biotic stimulus,17/605,182/21273,0.0934065934065934,3.284361093452,5.29522582291091,1.85201609264016e-5,0.00178899767480002,USP18/OAS3/OAS1/ISG15/DHX58/PARP14/IFI16/NMI/SERPING1/STAT2/SAMHD1/PARP1/VSIG4/ADAR/SLAMF8/TRIM21/TRAFD1,17,8,2.7091506536369097,100,negative regulation of innate immune response,0.6764765625,0.29600000000000004,0.976
GO:0039530,MDA-5 signaling pathway,0.00200651318244264,GO:0030522,intracellular receptor signaling pathway,5/605,13/21273,0.384615384615385,13.5238397965671,7.72787649451515,1.94874693407803e-5,0.00183739464817568,DDX60/OAS3/IFIH1/DHX58/IRF7,5,7,2.6975579826815554,11,MDA-5 signaling pathway,0.7044375,0.4355,0.746
GO:0001960,negative regulation of cytokine-mediated signaling pathway,0.00200651318244264,GO:0034340,response to type I interferon,13/605,113/21273,0.115044247787611,4.04518393915015,5.55299834058165,1.99058847464547e-5,0.00183739464817568,USP18/OAS3/OAS1/ISG15/STAP1/PARP14/STAT2/IL1R2/USP25/SAMHD1/ADAR/CISH/BIRC7,13,3,2.6975579826815554,104,negative regulation of cytokine-mediated signaling pathway,0.7403515625,0.3085,0.627
GO:0060761,negative regulation of response to cytokine stimulus,0.00312502257478201,GO:0034340,response to type I interferon,13/605,118/21273,0.110169491525424,3.87377784003362,5.35575008603581,3.16911460405583e-5,0.00286163071569893,USP18/OAS3/OAS1/ISG15/STAP1/PARP14/STAT2/IL1R2/USP25/SAMHD1/ADAR/CISH/BIRC7,13,3,2.5051468410181954,109,negative regulation of response to cytokine stimulus,0.7601875,0.3238888888888889,0.63
GO:0010332,response to gamma radiation,0.0033994630250742,GO:0010332,response to gamma radiation,9/605,58/21273,0.155172413793103,5.45616984895982,5.81415810749695,3.52237130023121e-5,0.00311294001135775,CXCL10/BRCA2/PML/CCL7/YAP1/PARP1/POLB/TIGAR/BCL2,9,9,2.4685896781532244,55,response to gamma radiation,0.9225,0.5389999999999999,0
GO:0097193,intrinsic apoptotic signaling pathway,0.00348385449328176,GO:0097193,intrinsic apoptotic signaling pathway,26/605,380/21273,0.068421052631579,2.40581992170509,4.73100832852235,3.75442594023143e-5,0.00319021856272389,IFI27/IFI6/CUL1/IFI16/BRCA2/PML/DDIT3/AEN/PARP1/SERINC3/SEPTIN4/PLAGL2/DAPK2/BRCA1/FNIP2/MAEL/SHISA5/POLB/DAB2IP/CXCL12/ITPR1/JAK2/PIK3R1/BCL2/ELL3/HIP1R,26,10,2.457939992035341,330,intrinsic apoptotic signaling pathway,0.8282578125,0.4391666666666667,0
GO:0070661,leukocyte proliferation,0.00348385449328176,GO:0042100,B cell proliferation,29/605,448/21273,0.0647321428571429,2.27611053719008,4.6705434834684,3.76342306373029e-5,0.00319021856272389,EPHB2/CR2/CD22/MS4A1/CD40/FCRL3/CD19/CCL8/FLT3/CD28/IRS2/BST2/TNFRSF13C/IL4I1/CD40LG/CD79A/VSIG4/ADA/MEF2C/IL7R/IL2RA/MAPK1/AHR/TNFRSF9/NPR3/JAK2/PAWR/BCL2/BTN2A2,29,5,2.457939992035341,344,leukocyte proliferation,0.951015625,0.2151428571428572,0.878
GO:0007204,positive regulation of cytosolic calcium ion concentration,0.00356071756297616,GO:0007204,positive regulation of cytosolic calcium ion concentration,16/605,174/21273,0.0919540229885057,3.23328583642063,5.06081687552677,3.92495322197548e-5,0.00326060324503479,CXCL13/CCR6/CYSLTR1/PML/CXCR5/P2RX5/ASPH/SWAP70/CCR1/CCRL2/NPTN/SAA1/JAK2/ABL2/BCL2/CCL28,16,11,2.448462473308491,170,positive regulation of cytosolic calcium ion concentration,0.9596953125,1,0
GO:0032608,interferon-beta production,0.0039168801282069,GO:0032606,type I interferon production,10/605,74/21273,0.135135135135135,4.75161938798303,5.53107525008684,4.49025058789151e-5,0.0035867467246599,OAS2/OAS3/IFIH1/OAS1/ISG15/RIGI/NMI/IRF7/TRIM38/TLR7,10,6,2.407059719352028,60,interferon-beta production,0.912125,0.21209999999999996,0.93
GO:0032648,regulation of interferon-beta production,0.0039168801282069,GO:0032606,type I interferon production,10/605,74/21273,0.135135135135135,4.75161938798303,5.53107525008684,4.49025058789151e-5,0.0035867467246599,OAS2/OAS3/IFIH1/OAS1/ISG15/RIGI/NMI/IRF7/TRIM38/TLR7,10,6,2.407059719352028,60,regulation of interferon-beta production,0.8679609375,0.21199999999999997,0.93
GO:0050777,negative regulation of immune response,0.00463937313639787,GO:0002832,negative regulation of response to biotic stimulus,23/605,322/21273,0.0714285714285714,2.51157024793388,4.67612934594247,5.42078430840139e-5,0.0042483445642407,USP18/OAS3/OAS1/ISG15/DHX58/PARP14/IFI16/CR2/NMI/SERPING1/STAT2/IL4I1/SAMHD1/PARP1/VSIG4/ADAR/IL7R/PLCG1/AHR/CD160/SLAMF8/TRIM21/TRAFD1,23,8,2.33354069655611,214,negative regulation of immune response,0.7204453125,0.474,0.566
GO:0030890,positive regulation of B cell proliferation,0.00553285516107345,GO:0042100,B cell proliferation,8/605,49/21273,0.163265306122449,5.74073199527745,5.68410967299913,6.58673233461125e-5,0.00506651964763664,EPHB2/CD40/FCRL3/IRS2/TNFRSF13C/ADA/MEF2C/BCL2,8,5,2.2570506985857555,47,positive regulation of B cell proliferation,0.7404999999999999,0.2478571428571429,0.944
GO:0007259,cell surface receptor signaling pathway via JAK-STAT,0.0056573920494196,GO:0007259,cell surface receptor signaling pathway via JAK-STAT,14/605,145/21273,0.096551724137931,3.39495012824166,4.95089714889905,6.94767008405121e-5,0.00518055997099456,EPHB2/CCL2/PARP14/CD40/FLT3/NMI/GBP7/STAT2/PARP9/IL7R/STAT1/JAK2/PTPRD/CISH,14,12,2.2473837242117085,131,cell surface receptor signaling pathway via JAK-STAT,0.8446015625000001,0.5085,0
GO:0097553,calcium ion transmembrane import into cytosol,0.0056573920494196,GO:0097553,calcium ion transmembrane import into cytosol,17/605,202/21273,0.0841584158415842,2.95917682677359,4.7867348290316,6.98443462891309e-5,0.00518055997099456,CXCL10/MS4A1/CXCL9/CD19/PML/CXCL11/DDIT3/NALF2/PRKCE/P2RX5/ASPH/ANK2/UBASH3B/PLCG1/ATP1A2/ITPR1/BCL2,17,13,2.2473837242117085,191,calcium ion transmembrane import into cytosol,0.905140625,0.259,0
GO:1903169,regulation of calcium ion transmembrane transport,0.00573708059349578,GO:0097553,calcium ion transmembrane import into cytosol,16/605,183/21273,0.087431693989071,3.07427177889175,4.82153736504824,7.20929439658862e-5,0.0052535319831835,CXCL10/MS4A1/CXCL9/CD19/PML/CXCL11/TSPAN13/PRKCE/P2RX5/ASPH/TMC2/ANK2/UBASH3B/PLCG1/ATP1A2/BCL2,16,13,2.2413090491824628,175,regulation of calcium ion transmembrane transport,0.85353125,0.17500000000000004,0.873
GO:0051924,regulation of calcium ion transport,0.00650384549122846,GO:0097553,calcium ion transmembrane import into cytosol,21/605,288/21273,0.0729166666666667,2.56389462809917,4.57174362561407,8.45177362660243e-5,0.00595567026556843,CCL2/CXCL10/MS4A1/FCRL3/CXCL9/CD19/PML/CXCL11/TSPAN13/PRKCE/P2RX5/ASPH/TMC2/CCR1/ANK2/UBASH3B/PLCG1/CXCL12/ATP1A2/BCL2/CAMK2G,21,13,2.1868297846193907,253,regulation of calcium ion transport,0.861875,0.20025000000000004,0.842
GO:0039529,RIG-I signaling pathway,0.00650384549122846,GO:0030522,intracellular receptor signaling pathway,7/605,38/21273,0.184210526315789,6.4772074815137,5.78172566842436,8.51864002572634e-5,0.00595567026556843,DDX60/OAS3/OASL/DHX58/RIGI/BIRC3/UFD1,7,7,2.1868297846193907,28,RIG-I signaling pathway,0.684640625,0.36683333333333334,0.796
GO:0008630,intrinsic apoptotic signaling pathway in response to DNA damage,0.00650384549122846,GO:0097193,intrinsic apoptotic signaling pathway,13/605,130/21273,0.1,3.51619834710744,4.9234084538697,8.73951868568815e-5,0.00595567026556843,IFI16/BRCA2/PML/AEN/BRCA1/FNIP2/MAEL/SHISA5/POLB/CXCL12/PIK3R1/BCL2/ELL3,13,10,2.1868297846193907,106,intrinsic apoptotic signaling pathway in response to DNA damage,0.813890625,0.44700000000000006,0.894
GO:0032728,positive regulation of interferon-beta production,0.00650384549122846,GO:0032606,type I interferon production,8/605,51/21273,0.156862745098039,5.51560525036461,5.52383281034645,8.84759477565558e-5,0.00595567026556843,OAS2/OAS3/IFIH1/OAS1/ISG15/RIGI/IRF7/TLR7,8,6,2.1868297846193907,41,positive regulation of interferon-beta production,0.8418984375,0.2158,0.91
GO:0032481,positive regulation of type I interferon production,0.00650384549122846,GO:0032606,type I interferon production,11/605,96/21273,0.114583333333333,4.02897727272727,5.08899513827353,8.88973590070909e-5,0.00595567026556843,OAS2/OAS3/IFIH1/OAS1/ISG15/DHX58/RIGI/IRF7/TLR7/KPNA2/STAT1,11,6,2.1868297846193907,76,positive regulation of type I interferon production,0.8344374999999999,0.19999999999999996,0.969
GO:0098586,cellular response to virus,0.00703711910547281,GO:0051607,defense response to virus,11/605,97/21273,0.11340206185567,3.98744142455483,5.04540373969527,9.77377653537891e-5,0.00644399702733587,IFIH1/IFI6/OAS1/CXCL10/TRIM6/TLR7/POU2AF1/IFNLR1/IFNGR1/ADAR/JAK2,11,1,2.152605098338548,89,cellular response to virus,0.831734375,0.44100000000000006,0.82
GO:0002230,positive regulation of defense response to virus by host,0.0071794300775194,GO:0051607,defense response to virus,7/605,39/21273,0.179487179487179,6.31112523839797,5.67983294471283,1.0129707340415e-4,0.00657431334955248,TRIM22/RIGI/TRIM6/DTX3L/PML/PARP9/STAT1,7,1,2.143910029854127,33,positive regulation of defense response to virus by host,0.762234375,0.39339999999999997,0.832
GO:0030595,leukocyte chemotaxis,0.00733402558961841,GO:0030595,leukocyte chemotaxis,20/605,271/21273,0.0738007380073801,2.59498032996859,4.5210808435286,1.0509516387239e-4,0.00671587881199161,CCL2/STAP1/CXCL13/CXCL10/CCR6/CXCL9/CCL8/CXCL11/CCL7/CXCR5/CCL13/SWAP70/CCR1/DAPK2/MAPK1/CXCL12/SAA1/SLAMF8/PTPRO/CCL28,20,14,2.1346575790480804,234,leukocyte chemotaxis,0.7389296875,0.21524999999999994,0
GO:0050688,regulation of defense response to virus,0.00749937211677696,GO:0051607,defense response to virus,10/605,82/21273,0.121951219512195,4.28804676476517,5.10389591624024,1.0911784825998e-4,0.00686728914248629,HERC5/TRIM22/RIGI/TRIM6/DTX3L/PML/TRIM38/PARP9/IFNLR1/STAT1,10,1,2.1249750962928364,66,regulation of defense response to virus,0.7534296875,0.37760000000000005,0.868
GO:0051235,maintenance of location,0.0087912360313196,GO:0051235,maintenance of location,18/605,233/21273,0.0772532188841202,2.71637640549072,4.50713173230866,1.2985291316102e-4,0.00805026858339997,SP100/CXCL10/CXCL9/CD19/PML/CXCL11/TMEM232/NR5A1/DDIT3/PRKCE/ASPH/ANK2/UBASH3B/PLCG1/ATP1A2/ITPR1/SRGN/UVRAG,18,15,2.0559500596425937,224,maintenance of location,0.92253125,0.1888333333333334,0
GO:0060333,type II interferon-mediated signaling pathway,0.00935774389395483,GO:0034340,response to type I interferon,6/605,29/21273,0.206896551724138,7.27489313194642,5.78521907317214,1.4028363862189e-4,0.00856902845204348,SP100/PARP14/PARP9/IFNGR1/STAT1/JAK2,6,3,2.028828844906204,27,type II interferon-mediated signaling pathway,0.7041875,0.4223888888888889,0.579
GO:0051279,regulation of release of sequestered calcium ion into cytosol,0.0107274137913395,GO:0097553,calcium ion transmembrane import into cytosol,10/605,86/21273,0.116279069767442,4.0886027291947,4.91031288510041,1.6318155899524e-4,0.00982325601518274,CXCL10/CXCL9/CD19/CXCL11/PRKCE/ASPH/ANK2/UBASH3B/PLCG1/ATP1A2,10,13,1.969504966899787,84,regulation of release of sequestered calcium ion into cytosol,0.8029296875,0.19566666666666666,0.936
GO:0060760,positive regulation of response to cytokine stimulus,0.0116483419147144,GO:0034340,response to type I interferon,10/605,87/21273,0.114942528735632,4.04160729552579,4.86374622347715,1.7975836288139e-4,0.0106665639087215,IFIH1/AXL/ZBP1/RIGI/PARP14/TRIM6/CD40/IRF7/PARP9/C1QTNF4,10,3,1.9337358899631827,68,positive regulation of response to cytokine stimulus,0.7618828125,0.35511111111111116,0.607
GO:0046651,lymphocyte proliferation,0.0133590958488619,GO:0042100,B cell proliferation,25/605,399/21273,0.06265664160401,2.20313179643323,4.15077732731635,2.1022466371346e-4,0.0122331273135638,EPHB2/CR2/CD22/MS4A1/CD40/FCRL3/CD19/FLT3/CD28/IRS2/TNFRSF13C/IL4I1/CD40LG/CD79A/VSIG4/ADA/MEF2C/IL7R/IL2RA/AHR/TNFRSF9/JAK2/PAWR/BCL2/BTN2A2,25,5,1.8742229341612047,300,lymphocyte proliferation,0.794203125,0.21071428571428574,0.89
GO:0031348,negative regulation of defense response,0.0133590958488619,GO:0002832,negative regulation of response to biotic stimulus,26/605,423/21273,0.0614657210401891,2.1612566672528,4.12741366369505,2.1383022303444e-4,0.0122331273135638,USP18/OAS3/OAS1/ISG15/DHX58/PARP14/IFI16/CD200/NMI/TRIM38/SERPING1/NT5E/STAT2/SAMHD1/PARP1/VSIG4/ADA/ADAR/VPS35/IL2RA/PLCG1/AHR/SAA1/SLAMF8/TRIM21/TRAFD1,26,8,1.8742229341612047,308,negative regulation of defense response,0.7523984375,0.47675,0.579
GO:0051651,maintenance of location in cell,0.0133590958488619,GO:0051235,maintenance of location,17/605,222/21273,0.0765765765765766,2.69258431985705,4.33733591004985,2.1980298428234e-4,0.0122331273135638,SP100/CXCL10/CXCL9/CD19/PML/CXCL11/NR5A1/DDIT3/PRKCE/ASPH/ANK2/UBASH3B/PLCG1/ATP1A2/ITPR1/SRGN/UVRAG,17,15,1.8742229341612047,212,maintenance of location in cell,0.9171484375,0.1861666666666667,0.994
GO:0006874,intracellular calcium ion homeostasis,0.0133590958488619,GO:0006874,intracellular calcium ion homeostasis,22/605,331/21273,0.0664652567975831,2.33705026091733,4.19454903171106,2.1985212179996e-4,0.0122331273135638,CXCL10/CD40/CXCL9/CD19/CCL8/PML/CXCL11/CCL7/CCL13/DDIT3/PRKCE/ASPH/CCR1/ANK2/UBASH3B/PLCG1/CXCL12/ATP1A2/ITPR1/CNR1/NPTN/BCL2,22,16,1.8742229341612047,306,intracellular calcium ion homeostasis,0.94978125,0.505,0
GO:0006816,calcium ion transport,0.0133590958488619,GO:0097553,calcium ion transmembrane import into cytosol,29/605,496/21273,0.0584677419354839,2.05584177552653,4.07081046910928,2.2088452131054e-4,0.0122331273135638,CCL2/CXCL10/MS4A1/FCRL3/CXCL9/CYSLTR1/CD19/CCL8/PML/CXCL11/TSPAN13/DDIT3/GRIN3A/NALF2/PRKCE/P2RX5/ASPH/TMC2/CCR1/ANK2/UBASH3B/PLCG1/CXCL12/ATP1A2/ITPR1/CACHD1/ANO9/BCL2/CAMK2G,29,13,1.8742229341612047,447,calcium ion transport,0.91096875,0.26875000000000004,0.904
GO:0050854,regulation of antigen receptor-mediated signaling pathway,0.0142179698647159,GO:0042113,B cell activation,10/605,90/21273,0.111111111111111,3.9068870523416,4.72811795032306,2.3821995364162e-4,0.0130196113167569,STAP1/CD22/FCRL3/CD72/CD19/ADA/GBP1/CD160/PAWR/BTN2A2,10,4,1.8471624106030313,73,regulation of antigen receptor-mediated signaling pathway,0.7146250000000001,0.3464117647058823,0.411
GO:0071216,cellular response to biotic stimulus,0.0146226877888522,GO:0051607,defense response to virus,22/605,334/21273,0.0658682634730539,2.31605879150789,4.14766028981436,2.4938843989734e-4,0.0133902176772512,CMPK2/AXL/TRIM5/EPHB2/CCL2/STAP1/CXCL13/CXCL10/CD40/CXCL9/DDIT3/PRKCE/KMO/TLR10/CHMP5/MEF2C/MAPK1/AHR/DAB2IP/JAK2/TIGAR/CCL28,22,1,1.8349727925915102,273,cellular response to biotic stimulus,0.8214609374999999,0.4939,0.586
GO:0050691,regulation of defense response to virus by host,0.0146226877888522,GO:0051607,defense response to virus,8/605,59/21273,0.135593220338983,4.76772657234907,4.95823063881593,2.5245824147782e-4,0.0133902176772512,TRIM22/RIGI/TRIM6/DTX3L/PML/PARP9/IFNLR1/STAT1,8,1,1.8349727925915102,45,regulation of defense response to virus by host,0.7583359375000001,0.3849,0.847
GO:0001662,behavioral fear response,0.0146226877888522,GO:0001662,behavioral fear response,7/605,45/21273,0.155555555555556,5.46964187327824,5.13519650934987,2.5789572819845e-4,0.0133902176772512,EPHB2/GNG7/MEF2C/LARGE1/ATP1A2/BCL2/LYPD1,7,17,1.8349727925915102,43,behavioral fear response,0.8296250000000001,0.33699999999999997,0
GO:0044786,cell cycle DNA replication,0.0146226877888522,GO:0044786,cell cycle DNA replication,7/605,45/21273,0.155555555555556,5.46964187327824,5.13519650934987,2.5789572819845e-4,0.0133902176772512,BRCA2/PCNA/GINS1/MCM6/E2F7/MCM3/FEN1,7,18,1.8349727925915102,45,cell cycle DNA replication,0.9673125,0.356,0
GO:0071887,leukocyte apoptotic process,0.014687025573799,GO:0097193,intrinsic apoptotic signaling pathway,13/605,145/21273,0.0896551724137931,3.15245369051012,4.44960281795415,2.6226831381783e-4,0.0134491327657595,AXL/IRF7/IRS2/ADA/GIMAP8/MEF2C/IL7R/IL2RA/CXCL12/CTSL/PIP/BCL2/BIRC7,13,10,1.8330661489124562,124,leukocyte apoptotic process,0.96734375,0.42366666666666664,0.563
GO:0055074,calcium ion homeostasis,0.015513652648179,GO:0006874,intracellular calcium ion homeostasis,23/605,360/21273,0.0638888888888889,2.24646005509642,4.08088230898219,2.8220124768336e-4,0.0142060877540412,CXCL10/CD40/CXCL9/CD19/CCL8/PML/CXCL11/CCL7/NT5E/CCL13/DDIT3/PRKCE/ASPH/CCR1/ANK2/UBASH3B/PLCG1/CXCL12/ATP1A2/ITPR1/CNR1/NPTN/BCL2,23,16,1.809285936668289,331,calcium ion homeostasis,0.9500625,0.505,0.99
GO:0032943,mononuclear cell proliferation,0.015513652648179,GO:0042100,B cell proliferation,25/605,407/21273,0.0614250614250614,2.15982699453774,4.04206635545053,2.8386974642832e-4,0.0142060877540412,EPHB2/CR2/CD22/MS4A1/CD40/FCRL3/CD19/FLT3/CD28/IRS2/TNFRSF13C/IL4I1/CD40LG/CD79A/VSIG4/ADA/MEF2C/IL7R/IL2RA/AHR/TNFRSF9/JAK2/PAWR/BCL2/BTN2A2,25,5,1.809285936668289,308,mononuclear cell proliferation,0.950859375,0.2112857142857143,0.887
GO:0002209,behavioral defense response,0.0160278674258944,GO:0001662,behavioral fear response,7/605,46/21273,0.152173913043478,5.35073661516349,5.05393930189302,2.9681235973878e-4,0.0146769620492387,EPHB2/GNG7/MEF2C/LARGE1/ATP1A2/BCL2/LYPD1,7,17,1.7951242584804548,44,behavioral defense response,0.8347265625,0.565,0.998
GO:0097529,myeloid leukocyte migration,0.0166860039854634,GO:0030595,leukocyte chemotaxis,19/605,272/21273,0.0698529411764706,2.45616796305299,4.13531464617474,3.1267864611207e-4,0.0152796277096998,CCL2/STAP1/CXCL13/CXCL10/CXCL9/CCL8/CD200/CCL7/CCL13/SWAP70/CCR1/DAPK2/MAPK1/CXCL12/SAA1/SLAMF8/PTPRO/PIK3R1/CCL28,19,14,1.777647657020652,237,myeloid leukocyte migration,0.836875,0.27849999999999997,0.885
GO:0051928,positive regulation of calcium ion transport,0.0180661212100892,GO:0097553,calcium ion transmembrane import into cytosol,12/605,130/21273,0.0923076923076923,3.2457215511761,4.394170468639,3.4252346209604e-4,0.0165434220493391,CCL2/CXCL10/MS4A1/CXCL9/CD19/CXCL11/P2RX5/ASPH/CCR1/ANK2/PLCG1/CXCL12,12,13,1.7431350803043997,117,positive regulation of calcium ion transport,0.838359375,0.2090833333333333,0.774
GO:0042832,defense response to protozoan,0.0183548786481559,GO:0051607,defense response to virus,6/605,34/21273,0.176470588235294,6.20505590666019,5.19673352225447,3.5204463015643e-4,0.0168078416285211,CD40/GBP7/BATF2/GBP4/GBP1/IRF4,6,1,1.7362484824544908,29,defense response to protozoan,0.8318125000000001,0.5238,0.525
GO:0043123,positive regulation of canonical NF-kappaB signal transduction,0.0220351992325065,GO:0030522,intracellular receptor signaling pathway,18/605,257/21273,0.0700389105058366,2.46270701353828,4.03628197640231,4.3175845465711e-4,0.0201779671798642,IFIT5/TRIM5/TRIM22/CUL1/BIRC3/CD40/TRIM38/TLR7/PRKCE/BST2/CASP8/APOL3/CD40LG/PARP1/DDX21/TRAF5/SHISA5/DAB2IP,18,7,1.6568830184380638,214,positive regulation of canonical NF-kappaB signal transduction,0.7911015625,0.5991666666666666,0.513
GO:0034764,positive regulation of transmembrane transport,0.0220351992325065,GO:0097553,calcium ion transmembrane import into cytosol,16/605,214/21273,0.0747663551401869,2.62893334363173,4.097547065222,4.3479052129917e-4,0.0201779671798642,EPHB2/CCL2/CXCL10/MS4A1/CXCL9/CD19/CXCL11/IRS2/P2RX5/ASPH/ATP1B3/ANK2/AZIN1/PLCG1/HEPH/PIK3R1,16,13,1.6568830184380638,211,positive regulation of transmembrane transport,0.8418046875,0.3330833333333333,0.585
GO:2000106,regulation of leukocyte apoptotic process,0.0220351992325065,GO:0097193,intrinsic apoptotic signaling pathway,11/605,115/21273,0.0956521739130435,3.36332015810277,4.34777234873335,4.4176215665391e-4,0.0201779671798642,AXL/IRF7/IRS2/ADA/GIMAP8/MEF2C/IL7R/CXCL12/PIP/BCL2/BIRC7,11,10,1.6568830184380638,95,regulation of leukocyte apoptotic process,0.9250625,0.4265,0.545
GO:0034767,positive regulation of monoatomic ion transmembrane transport,0.0220351992325065,GO:0097553,calcium ion transmembrane import into cytosol,13/605,153/21273,0.0849673202614379,2.98761951061416,4.22147899512281,4.4206418213361e-4,0.0201779671798642,EPHB2/CCL2/CXCL10/MS4A1/CXCL9/CD19/CXCL11/P2RX5/ASPH/ATP1B3/ANK2/PLCG1/HEPH,13,13,1.6568830184380638,152,positive regulation of monoatomic ion transmembrane transport,0.834515625,0.24083333333333334,0.652
GO:0097696,cell surface receptor signaling pathway via STAT,0.0245804147706245,GO:0007259,cell surface receptor signaling pathway via JAK-STAT,14/605,175/21273,0.08,2.81295867768595,4.12020579722447,4.9854456765817e-4,0.0225086597709284,EPHB2/CCL2/PARP14/CD40/FLT3/NMI/GBP7/STAT2/PARP9/IL7R/STAT1/JAK2/PTPRD/CISH,14,12,1.6094107930901795,159,cell surface receptor signaling pathway via STAT,0.842375,0.5085,0.983
GO:1904427,positive regulation of calcium ion transmembrane transport,0.025852602065945,GO:0097553,calcium ion transmembrane import into cytosol,9/605,82/21273,0.109756097560976,3.85924208828865,4.43828055438284,5.3004673547903e-4,0.023673621032261,CXCL10/MS4A1/CXCL9/CD19/CXCL11/P2RX5/ASPH/ANK2/PLCG1,9,13,1.5874957386045028,82,positive regulation of calcium ion transmembrane transport,0.8326875,0.18491666666666662,0.802
GO:0071219,cellular response to molecule of bacterial origin,0.0260328074671416,GO:0051607,defense response to virus,20/605,307/21273,0.0651465798045603,2.29068296228498,3.89729784392395,5.3948057802277e-4,0.0238386378597746,CMPK2/AXL/TRIM5/EPHB2/CCL2/STAP1/CXCL13/CXCL10/CD40/CXCL9/PRKCE/KMO/TLR10/CHMP5/MEF2C/MAPK1/AHR/DAB2IP/JAK2/CCL28,20,1,1.5844789935603623,246,cellular response to molecule of bacterial origin,0.811015625,0.494,0.585
GO:0001818,negative regulation of cytokine production,0.026204313811588,GO:0032606,type I interferon production,27/605,475/21273,0.0568421052631579,1.99868116572423,3.76613167763926,5.5583681081258e-4,0.023995688828675,SIGLEC1/OAS3/XAF1/OAS1/AXL/EPHB2/DHX58/TWIST1/PML/CD200/NMI/GBP7/NDRG2/BANK1/IL1R2/CD83/DDIT3/BST2/LAG3/CD2AP/VSIG4/GBP1/UFD1/NPTN/FN1/SRGN/BTN2A2,27,6,1.5816272082850922,389,negative regulation of cytokine production,0.844234375,0.41680000000000006,0.698
GO:0010212,response to ionizing radiation,0.026204313811588,GO:0010332,response to gamma radiation,13/605,157/21273,0.0828025477707006,2.91150181607622,4.11293018431124,5.6558666848336e-4,0.023995688828675,IFI16/CXCL10/BRCA2/PML/CCL7/YAP1/AEN/PARP1/BRCA1/POLB/INTS7/TIGAR/BCL2,13,9,1.5816272082850922,143,response to ionizing radiation,0.9168046875,0.5389999999999999,0.922
GO:0032607,interferon-alpha production,0.026204313811588,GO:0032606,type I interferon production,6/605,37/21273,0.162162162162162,5.70194326557963,4.89750075144,5.6614258234912e-4,0.023995688828675,IFIH1/RIGI/NMI/IRF7/TLR7/STAT1,6,6,1.5816272082850922,31,interferon-alpha production,0.9144687499999999,0.22740000000000005,0.888
GO:0032647,regulation of interferon-alpha production,0.026204313811588,GO:0032606,type I interferon production,6/605,37/21273,0.162162162162162,5.70194326557963,4.89750075144,5.6614258234912e-4,0.023995688828675,IFIH1/RIGI/NMI/IRF7/TLR7/STAT1,6,6,1.5816272082850922,31,regulation of interferon-alpha production,0.8722578125,0.22720000000000007,0.888
GO:2000107,negative regulation of leukocyte apoptotic process,0.0278939826817352,GO:0097193,intrinsic apoptotic signaling pathway,8/605,67/21273,0.119402985074627,4.19844578759097,4.48621042107666,6.0879724106961e-4,0.0255429443196248,AXL/IRF7/IRS2/ADA/IL7R/CXCL12/PIP/BCL2,8,10,1.5544894730693621,59,negative regulation of leukocyte apoptotic process,0.9049453125,0.44099999999999995,0.524
GO:0051209,release of sequestered calcium ion into cytosol,0.0285327345935345,GO:0051235,maintenance of location,12/605,139/21273,0.0863309352517986,3.03556691836613,4.11940560737592,6.2902854042183e-4,0.0261278591632059,CXCL10/CXCL9/CD19/CXCL11/DDIT3/PRKCE/ASPH/ANK2/UBASH3B/PLCG1/ATP1A2/ITPR1,12,15,1.5446566033177072,131,release of sequestered calcium ion into cytosol,0.8058046875,0.17866666666666664,0.967
GO:0051283,negative regulation of sequestering of calcium ion,0.0301188107270099,GO:0051235,maintenance of location,12/605,140/21273,0.0857142857142857,3.01388429752066,4.0902568444908,6.7063489493562e-4,0.0275802532091296,CXCL10/CXCL9/CD19/CXCL11/DDIT3/PRKCE/ASPH/ANK2/UBASH3B/PLCG1/ATP1A2/ITPR1,12,15,1.5211621807081934,132,negative regulation of sequestering of calcium ion,0.828859375,0.17866666666666664,0.967
GO:0050858,negative regulation of antigen receptor-mediated signaling pathway,0.0320236931047203,GO:0042113,B cell activation,7/605,53/21273,0.132075471698113,4.64403555278341,4.54444104351845,7.2010950103207e-4,0.0293245829832048,CD22/FCRL3/CD72/GBP1/CD160/PAWR/BTN2A2,7,4,1.4945285848928695,38,negative regulation of antigen receptor-mediated signaling pathway,0.7097109375,0.37582352941176467,0.39
GO:0034142,toll-like receptor 4 signaling pathway,0.0327084551783115,GO:0042113,B cell activation,8/605,69/21273,0.115942028985507,4.07675170679123,4.37966326732412,7.4271844871386e-4,0.0299516300319357,OAS1/IFI35/NMI/PIK3AP1/WDFY1/PRKCE/DAB2IP/PIK3R1,8,4,1.4853399671369591,64,toll-like receptor 4 signaling pathway,0.669578125,0.36658823529411766,0.407
GO:0051282,regulation of sequestering of calcium ion,0.0331820152387096,GO:0051235,maintenance of location,12/605,142/21273,0.0845070422535211,2.97143522290769,4.03273126169143,7.6078694550833e-4,0.0303852761839665,CXCL10/CXCL9/CD19/CXCL11/DDIT3/PRKCE/ASPH/ANK2/UBASH3B/PLCG1/ATP1A2/ITPR1,12,15,1.4790972415644053,134,regulation of sequestering of calcium ion,0.848390625,0.1778333333333333,0.969
GO:0062207,regulation of pattern recognition receptor signaling pathway,0.0339020223379075,GO:0042113,B cell activation,17/605,248/21273,0.0685483870967742,2.41029725406558,3.82209186774467,7.8476903559971e-4,0.0310445976388617,DDX60/RSAD2/EIF2AK2/OASL/DHX58/IFI16/IFI35/BIRC3/FCRL3/IRF7/WDFY1/CSNK1A1/PARP1/UFD1/IRF4/DAB2IP/PIK3R1,17,4,1.4697743943043757,191,regulation of pattern recognition receptor signaling pathway,0.6476796874999999,0.34429411764705886,0.446
GO:0035850,epithelial cell differentiation involved in kidney development,0.034549749476933,GO:0035850,epithelial cell differentiation involved in kidney development,7/605,54/21273,0.12962962962963,4.55803489439853,4.47896067670635,8.07379507177e-4,0.0316377312345627,YAP1/CD2AP/PRKX/MEF2C/STAT1/BASP1/PTPRO,7,19,1.4615550973832718,50,epithelial cell differentiation involved in kidney development,0.960640625,1,0
GO:0048524,positive regulation of viral process,0.0346787415864282,GO:1903900,regulation of viral life cycle,8/605,70/21273,0.114285714285714,4.01851239669421,4.32788737116861,8.1803909826891e-4,0.0317558512717083,IFIT1/AXL/CD28/GBP7/TRIM38/KPNA2/ADAR/TRIM21,8,2,1.4599366704803167,64,positive regulation of viral process,0.8746015625,0.23588888888888893,0.914
GO:0042596,fear response,0.0379172372016543,GO:0001662,behavioral fear response,7/605,55/21273,0.127272727272727,4.47516153268219,4.41506133795708,9.0279136194414e-4,0.0347213909769163,EPHB2/GNG7/MEF2C/LARGE1/ATP1A2/BCL2/LYPD1,7,17,1.4211633145773424,49,fear response,0.8551640625,0.5673333333333334,0.991
GO:0050871,positive regulation of B cell activation,0.0400677218308793,GO:0042113,B cell activation,9/605,89/21273,0.101123595505618,3.55570619370415,4.13365824489449,9.6488217913392e-4,0.0366906224692866,EPHB2/CD40/FCRL3/CD28/IRS2/TNFRSF13C/ADA/MEF2C/BCL2,9,4,1.3972053499657269,86,positive regulation of B cell activation,0.749578125,0.39717647058823524,0.894
GO:0051208,sequestering of calcium ion,0.0400677218308793,GO:0051235,maintenance of location,12/605,146/21273,0.0821917808219178,2.89002603871844,3.92064862844247,9.7165992094284e-4,0.0366906224692866,CXCL10/CXCL9/CD19/CXCL11/DDIT3/PRKCE/ASPH/ANK2/UBASH3B/PLCG1/ATP1A2/ITPR1,12,15,1.3972053499657269,138,sequestering of calcium ion,0.9025546875,0.1781666666666667,0.97
GO:0033260,nuclear DNA replication,0.040417284503487,GO:0044786,cell cycle DNA replication,6/605,41/21273,0.146341463414634,5.1456561177182,4.54592611826783,9.9465547387979e-4,0.0370107223268262,BRCA2/PCNA/GINS1/MCM6/MCM3/FEN1,6,18,1.3934328685735033,41,nuclear DNA replication,0.967375,0.3543333333333334,0.994
GO:0010959,regulation of metal ion transport,0.040417284503487,GO:0097553,calcium ion transmembrane import into cytosol,25/605,444/21273,0.0563063063063063,1.97984141165959,3.56981482261052,0.00100361913466859,0.0370107223268262,CCL2/CXCL10/MS4A1/FCRL3/CXCL9/CD19/SIK1/PML/CXCL11/TSPAN13/PRKCE/P2RX5/ASPH/ATP1B3/TMC2/CCR1/ANK2/UBASH3B/PLCG1/HEPH/CXCL12/NKAIN1/ATP1A2/BCL2/CAMK2G,25,13,1.3934328685735033,403,regulation of metal ion transport,0.8643671875,0.24491666666666667,0.727
GO:0042771,intrinsic apoptotic signaling pathway in response to DNA damage by p53 class mediator,0.040417284503487,GO:0097193,intrinsic apoptotic signaling pathway,7/605,56/21273,0.125,4.3952479338843,4.35267400726502,0.00100686797815124,0.0370107223268262,IFI16/BRCA2/PML/AEN/SHISA5/BCL2/ELL3,7,10,1.3934328685735033,47,intrinsic apoptotic signaling pathway in response to DNA damage by p53 class mediator,0.8239531250000001,0.4696666666666667,0.839
GO:0002685,regulation of leukocyte migration,0.0408755895601076,GO:0030595,leukocyte chemotaxis,18/605,277/21273,0.0649819494584837,2.2848942327774,3.68274463351876,0.00103273087679552,0.037430399239809,CCL2/STAP1/CXCL13/CXCL10/CCR6/CCL8/CD200/CCL7/SWAP70/ADA/CCR1/DAPK2/MAPK1/CXCL12/SLAMF8/ABL2/PIK3R1/CCL28,18,14,1.3885359703352051,236,regulation of leukocyte migration,0.7826796874999999,0.28625,0.882
GO:0032727,positive regulation of interferon-alpha production,0.0408755895601076,GO:0032606,type I interferon production,5/605,28/21273,0.178571428571429,6.27892561983471,4.78221187824045,0.0010453193097382,0.037430399239809,IFIH1/RIGI/IRF7/TLR7/STAT1,5,6,1.3885359703352051,25,positive regulation of interferon-alpha production,0.845984375,0.2249,0.877
GO:0048245,eosinophil chemotaxis,0.0408755895601076,GO:0030595,leukocyte chemotaxis,5/605,28/21273,0.178571428571429,6.27892561983471,4.78221187824045,0.0010453193097382,0.037430399239809,CCL2/CCL8/CCL7/CCL13/DAPK2,5,14,1.3885359703352051,21,eosinophil chemotaxis,0.7807265624999999,0.30825,0.816
GO:0002688,regulation of leukocyte chemotaxis,0.0424169096552929,GO:0030595,leukocyte chemotaxis,12/605,148/21273,0.0810810810810811,2.85097163278981,3.86602701913276,0.00109408695539446,0.0388418095005536,CCL2/STAP1/CXCL13/CXCL10/CCR6/CCL7/SWAP70/CCR1/DAPK2/MAPK1/CXCL12/SLAMF8,12,14,1.3724609758134059,127,regulation of leukocyte chemotaxis,0.700296875,0.24050000000000005,0.934
GO:0048247,lymphocyte chemotaxis,0.0430592634279356,GO:0030595,leukocyte chemotaxis,7/605,57/21273,0.12280701754386,4.31813832100913,4.29173387161695,0.00112014838723466,0.0394300226229077,CCL2/CXCL13/CXCL10/CXCL11/CCL7/CXCL12/SAA1,7,14,1.3659334034934674,47,lymphocyte chemotaxis,0.770765625,0.30200000000000005,0.864
GO:0001562,response to protozoan,0.0431844160211772,GO:0051607,defense response to virus,6/605,42/21273,0.142857142857143,5.02314049586777,4.46516222859197,0.00113292449438274,0.0395446267566057,CD40/GBP7/BATF2/GBP4/GBP1/IRF4,6,1,1.364672948950227,32,response to protozoan,0.84746875,0.5377000000000001,0.493
GO:1902969,mitotic DNA replication,0.0433739236573208,GO:0044786,cell cycle DNA replication,4/605,17/21273,0.235294117647059,8.27340787554691,5.1327989745498,0.00114745829781272,0.0397181617821842,BRCA2/GINS1/MCM6/MCM3,4,18,1.3627712892727968,17,mitotic DNA replication,0.9688046875,0.373,0.938
GO:0070588,calcium ion transmembrane transport,0.0436101512858085,GO:0097553,calcium ion transmembrane import into cytosol,22/605,375/21273,0.0586666666666667,2.06283636363636,3.55273078581397,0.00117293616774,0.0399344790155482,CXCL10/MS4A1/CXCL9/CD19/PML/CXCL11/TSPAN13/DDIT3/GRIN3A/NALF2/PRKCE/P2RX5/ASPH/TMC2/ANK2/UBASH3B/PLCG1/ATP1A2/ITPR1/CACHD1/ANO9/BCL2,22,13,1.3604124067345567,350,calcium ion transmembrane transport,0.902625,0.23883333333333334,0.937
GO:0070663,regulation of leukocyte proliferation,0.0436101512858085,GO:0042100,B cell proliferation,22/605,375/21273,0.0586666666666667,2.06283636363636,3.55273078581397,0.00117293616774,0.0399344790155482,EPHB2/CD22/CD40/FCRL3/CCL8/CD28/IRS2/BST2/TNFRSF13C/IL4I1/CD40LG/VSIG4/ADA/MEF2C/IL2RA/MAPK1/AHR/TNFRSF9/JAK2/PAWR/BCL2/BTN2A2,22,5,1.3604124067345567,273,regulation of leukocyte proliferation,0.9030859375,0.2181428571428572,0.856
GO:0035458,cellular response to interferon-beta,0.044774616785419,GO:0034340,response to type I interferon,5/605,29/21273,0.172413793103448,6.06241094328869,4.66735540024479,0.00123386840788743,0.041000797789674,OAS1/PNPT1/IFI16/TRIM6/STAT1,5,3,1.3489681224792687,28,cellular response to interferon-beta,0.8617578125,0.4451111111111111,0.566
GO:0039535,regulation of RIG-I signaling pathway,0.044774616785419,GO:0030522,intracellular receptor signaling pathway,5/605,29/21273,0.172413793103448,6.06241094328869,4.66735540024479,0.00123386840788743,0.041000797789674,DDX60/OASL/DHX58/BIRC3/UFD1,5,7,1.3489681224792687,21,regulation of RIG-I signaling pathway,0.6882421875,0.368,0.78
GO:0050855,regulation of B cell receptor signaling pathway,0.044774616785419,GO:0042113,B cell activation,5/605,29/21273,0.172413793103448,6.06241094328869,4.66735540024479,0.00123386840788743,0.041000797789674,STAP1/CD22/FCRL3/CD72/CD19,5,4,1.3489681224792687,25,regulation of B cell receptor signaling pathway,0.73284375,0.38141176470588234,0.38
GO:0051281,positive regulation of release of sequestered calcium ion into cytosol,0.0462762108493785,GO:0097553,calcium ion transmembrane import into cytosol,6/605,43/21273,0.13953488372093,4.90632327503363,4.38692323616742,0.00128545030137163,0.042375830319235,CXCL10/CXCL9/CD19/CXCL11/ASPH/PLCG1,6,13,1.334642208807935,43,positive regulation of release of sequestered calcium ion into cytosol,0.788578125,0.2058333333333333,0.86
GO:0060326,cell chemotaxis,0.0479585532815934,GO:0030595,leukocyte chemotaxis,22/605,379/21273,0.0580474934036939,2.04106500359799,3.4988013090882,0.00134275490889823,0.0439163768795061,CCL2/STAP1/CXCL13/CXCL10/CCR6/CXCL9/CCL8/CXCL11/CCL7/CXCR5/CCL13/SWAP70/CCR1/CCRL2/DAPK2/MAPK1/CXCL12/SAA1/SLAMF8/BIN2/PTPRO/CCL28,22,14,1.3191339263091655,325,cell chemotaxis,0.781140625,0.279875,0.97
GO:0071621,granulocyte chemotaxis,0.0494464995917146,GO:0030595,leukocyte chemotaxis,11/605,132/21273,0.0833333333333333,2.9301652892562,3.80584701537214,0.00139531568512775,0.0452789119532409,CCL2/CXCL13/CXCL10/CXCL9/CCL8/CCL7/CCL13/DAPK2/MAPK1/SAA1/CCL28,11,14,1.305864447480566,122,granulocyte chemotaxis,0.7536796875,0.23112500000000002,0.927
GO:0048857,neural nucleus development,0.0495296275080915,GO:0048857,neural nucleus development,8/605,76/21273,0.105263157894737,3.70126141800783,4.03616428300702,0.00140858067648673,0.0453550334509721,NDRG2/CNP/MBP/HOXB2/LARGE1/BASP1/LDHA/BCL2,8,20,1.3051349381550106,69,neural nucleus development,0.9945625,1,0
