"category","subcategory","ID","Description","GeneRatio","BgRatio","RichFactor","FoldEnrichment","zScore","pvalue","p.adjust","qvalue","geneID","Count"
"Human Diseases","Infectious disease: viral","hsa05164","Influenza A","27/340","173/9369",0.15606936416185,4.30062903774227,8.5028273228185,1.09523889030556e-10,3.3076214487228e-08,2.77844813224885e-08,"4939/64135/4940/91543/4938/4599/5610/6347/23586/3627/3111/3112/4600/51284/6773/5371/3665/841/3838/3717/3459/6772/103/5594/10241/8743/7124",27
"Human Diseases","Infectious disease: viral","hsa05169","Epstein-Barr virus infection","29/340","205/9369",0.141463414634146,3.89814921090387,8.14138334916346,2.48789788050156e-10,3.75672579955735e-08,3.15570204842566e-08,"4939/4940/4938/5610/9636/23586/3627/1380/3111/29760/3112/958/930/6773/3665/6890/5608/841/6772/7188/596/5701/4616/1647/8819/10213/2208/7124/5707",29
"Human Diseases","Immune disease","hsa05340","Primary immunodeficiency","11/340","38/9369",0.289473684210526,7.97670278637771,8.36220863111144,6.11222046904814e-08,6.15296860550846e-06,5.16857941417755e-06,"29760/958/930/6890/959/100/3575/925/115650/973/3932",11
"Environmental Information Processing","Signaling molecules and interaction","hsa04061","Viral protein interaction with cytokine and cytokine receptor","17/340","100/9369",0.17,4.6845,7.18795240589287,9.42321726691718e-08,7.11452903652247e-06,5.97630358243958e-06,"10563/6347/3627/4283/1235/6354/6373/6355/643/1230/6357/6387/3559/1236/56477/8743/7124",17
"Human Diseases","Infectious disease: viral","hsa05168","Herpes simplex virus 1 infection","23/340","180/9369",0.127777777777778,3.52102941176471,6.62709371785433,1.31269719525148e-07,7.92869105931893e-06,6.6602110327496e-06,"4939/64135/4940/4938/5610/6347/6672/23586/3111/3112/330/6773/5371/3665/6890/841/3717/684/3459/6772/7188/596/7124",23
"Environmental Information Processing","Signal transduction","hsa04064","NF-kappa B signaling pathway","16/340","105/9369",0.152380952380952,4.19899159663866,6.39663468471583,1.05362213215144e-06,5.30323139849558e-05,4.45478831313152e-05,"23586/29760/330/958/959/115650/6357/5335/142/7188/6387/3932/596/4616/1647/7124",16
"Human Diseases","Infectious disease: viral","hsa05162","Measles","18/340","136/9369",0.132352941176471,3.64710207612457,6.03409020284895,1.86941418113809e-06,8.06518689576719e-05,6.77486943841022e-05,"4939/64135/4940/4938/4599/5610/23586/4600/51284/940/6773/3665/841/6772/103/596/3559/30835",18
"Environmental Information Processing","Signaling molecules and interaction","hsa04060","Cytokine-cytokine receptor interaction","28/340","298/9369",0.0939597315436242,2.58914330833004,5.40986820649587,3.53513166064248e-06,0.000133451220189253,0.000112100885554584,"10563/6347/3627/4283/1235/6354/958/6373/6355/7850/643/959/3575/115650/1230/6357/3604/163702/608/3459/6387/3559/268/1236/56477/284340/8743/7124",28
"Organismal Systems","Immune system","hsa04672","Intestinal immune network for IgA production","10/340","50/9369",0.2,5.51117647058824,6.20630673171834,9.76853463994975e-06,0.000327788606807203,0.000275346999792736,"3111/3112/958/940/959/115650/608/6387/942/56477",10
"Human Diseases","Infectious disease: viral","hsa05171","Coronavirus disease - COVID-19","23/340","238/9369",0.0966386554621849,2.66296342066238,5.04260646819969,1.70836526680439e-05,0.000515926310574925,0.00043338529399985,"4939/64135/4940/4938/4599/5610/9636/6347/23586/3627/717/4600/51284/6773/713/5335/6772/714/103/5594/712/7124/6192",23
"Organismal Systems","Immune system","hsa04062","Chemokine signaling pathway","20/340","193/9369",0.103626943005181,2.85553185004572,5.05432819190487,2.22557604491124e-05,0.000562246209204414,0.000472294654647137,"10563/6347/3627/4283/1235/6354/6373/6355/6773/643/1230/2788/6357/3717/5335/6772/6387/5594/1236/56477",20
"Organismal Systems","Immune system","hsa04662","B cell receptor signaling pathway","13/340","91/9369",0.142857142857143,3.93655462184874,5.46228892915931,2.23409089750098e-05,0.000562246209204414,0.000472294654647137,"1380/25780/29760/8519/933/971/930/55024/974/118788/640/973/5594",13
"Cellular Processes","Cell growth and death","hsa04210","Apoptosis","16/340","137/9369",0.116788321167883,3.2182052382997,5.07524702451816,3.46558333501828e-05,0.000805081667058093,0.000676279824890207,"330/841/1649/142/596/332/5594/7277/153090/3708/4616/1647/1514/5414/8743/7124",16
"Organismal Systems","Immune system","hsa04621","NOD-like receptor signaling pathway","19/340","187/9369",0.101604278074866,2.79979553318654,4.82412332551456,4.69161055253758e-05,0.00095894463232645,0.000805526860894648,"4939/4940/4938/6347/3428/330/388646/6773/3665/115361/841/2633/6772/7188/596/5594/3708/1669/7124",19
"Human Diseases","Infectious disease: parasitic","hsa05145","Toxoplasmosis","14/340","112/9369",0.125,3.44448529411765,5.05015120547122,5.03323142113732e-05,0.00095894463232645,0.000805526860894648,"3111/3112/330/958/5608/959/841/3717/3459/6772/596/5594/79444/7124",14
"Organismal Systems","Immune system","hsa04622","RIG-I-like receptor signaling pathway","11/340","72/9369",0.152777777777778,4.20992647058824,5.30558149713543,5.08050136331894e-05,0.00095894463232645,0.000805526860894648,"64135/9636/23586/3627/79132/4214/3665/841/103/64343/7124",11
"Organismal Systems","Immune system","hsa04640","Hematopoietic cell lineage","13/340","100/9369",0.13,3.58226470588235,5.03764304662757,6.17328041233146e-05,0.00109666510854359,0.000921213981035221,"1380/3111/3112/931/933/930/2322/7850/3575/925/3559/2208/7124",13
"Organismal Systems","Immune system","hsa04620","Toll-like receptor signaling pathway","13/340","109/9369",0.119266055045872,3.28648138154344,4.65927665058142,0.000151309850942634,0.0025386430547042,0.00213249556006871,"3627/4283/51284/958/6373/6773/3665/5608/841/6772/5594/942/7124",13
"Human Diseases","Infectious disease: viral","hsa05160","Hepatitis C","16/340","156/9369",0.102564102564103,2.8262443438914,4.46337853502063,0.000166146397809787,0.00264085327045029,0.00221835356632458,"4939/4940/91543/4938/4599/3434/5610/23586/3627/4600/6773/3665/841/6772/5594/7124",16
"Cellular Processes","Cell growth and death","hsa04217","Necroptosis","16/340","168/9369",0.0952380952380952,2.62436974789916,4.12254202189442,0.000388741057324493,0.00586998996559984,0.00493087341132646,"5610/81030/330/6773/51510/841/3717/3459/142/6772/7188/596/57132/9555/8743/7124",16
"Human Diseases","Immune disease","hsa05330","Allograft rejection","7/340","39/9369",0.179487179487179,4.94592760180995,4.79163432597694,0.000439691082277861,0.00632317651656733,0.00531155643252955,"3111/3112/958/940/959/942/7124",7
"Organismal Systems","Immune system","hsa04659","Th17 cell differentiation","12/340","109/9369",0.110091743119266,3.03367512142472,4.14412078078077,0.000568323951966244,0.00780153788608208,0.00655340059444329,"3111/3112/3662/3717/5335/3459/6772/3932/3559/5594/3091/196",12
"Cellular Processes","Cell growth and death","hsa04215","Apoptosis - multiple species","6/340","32/9369",0.1875,5.16672794117647,4.58151937721703,0.000889986259576484,0.0116859065387869,0.00981632441912735,"330/841/596/332/5414/79444",6
"Human Diseases","Cancer: overview","hsa05202","Transcriptional misregulation in cancer","17/340","201/9369",0.0845771144278607,2.33059701492537,3.70041424599599,0.00101127503451993,0.0126488999053994,0.0106252522732703,"330/5079/958/2322/7850/5371/51513/1649/4086/4208/5077/942/4149/2308/4616/1647/1669",17
"Human Diseases","Endocrine and metabolic disease","hsa04933","AGE-RAGE signaling pathway in diabetic complications","11/340","101/9369",0.108910891089109,3.00113570180547,3.92362314351303,0.00104709436302975,0.0126488999053994,0.0106252522732703,"6347/5581/3717/5335/6772/596/5594/84812/2308/2335/7124",11
"Human Diseases","Cancer: overview","hsa05235","PD-L1 expression and PD-1 checkpoint pathway in cancer","10/340","90/9369",0.111111111111111,3.06176470588235,3.8137554504412,0.00150447589294106,0.0174750661410847,0.0146792991983318,"940/116071/5608/3717/5335/3459/6772/3932/5594/3091",10
"Human Diseases","Immune disease","hsa05322","Systemic lupus erythematosus","13/340","143/9369",0.0909090909090909,2.50508021390374,3.51936258855851,0.00204984026329059,0.022927842944954,0.0192597077369603,"3111/3112/717/958/940/959/713/714/942/712/6737/9555/7124",13
"Human Diseases","Infectious disease: viral","hsa05161","Hepatitis B","14/340","163/9369",0.0858895705521472,2.36676290147961,3.41581681459645,0.00239095174340152,0.0257881223752593,0.0216623823368333,"64135/23586/4214/6773/3665/5111/5608/841/3717/6772/596/332/5594/7124",14
"Organismal Systems","Endocrine system","hsa04919","Thyroid hormone signaling pathway","11/340","122/9369",0.0901639344262295,2.48454676952748,3.20270135725242,0.00471267709698885,0.0490768442514011,0.041225233407416,"5335/6772/483/5594/3091/84812/2308/5208/4855/477/6567",11
"Human Diseases","Infectious disease: viral","hsa05167","Kaposi sarcoma-associated herpesvirus infection","15/340","196/9369",0.076530612244898,2.10886854741897,3.04435628439643,0.00510654940147065,0.0499537428201359,0.041961840430996,"5610/6773/3665/5608/841/1230/2788/3717/5335/3459/6772/5594/942/3708/3091",15
"Human Diseases","Immune disease","hsa05332","Graft-versus-host disease","6/340","45/9369",0.133333333333333,3.67411764705882,3.48922284696816,0.00538692560549229,0.0499537428201359,0.041961840430996,"3111/3112/940/942/115653/7124",6
"Environmental Information Processing","Signaling molecules and interaction","hsa04514","Cell adhesion molecule (CAM) interaction","13/340","160/9369",0.08125,2.23891544117647,3.06717456202807,0.00541646120472327,0.0499537428201359,0.041961840430996,"6614/57502/3111/3112/933/958/940/959/925/942/6382/923/80380",13
"Human Diseases","Immune disease","hsa05310","Asthma","5/340","32/9369",0.15625,4.30560661764706,3.63467473423061,0.00549019101589676,0.0499537428201359,0.041961840430996,"3111/3112/958/959/7124",5
"Cellular Processes","Cell growth and death","hsa04115","p53 signaling pathway","8/340","75/9369",0.106666666666667,2.93929411764706,3.27202076246215,0.00562393131087623,0.0499537428201359,0.041961840430996,"841/8493/596/901/4616/1647/6241/51246",8
