pathway,symbol,gene,rho,p_val,padj
HALLMARK_INTERFERON_ALPHA_RESPONSE,HERC6,ENSG00000138642,0.45325676755398875,1.4746082300604304e-27,7.5794863025106125e-25
HALLMARK_INTERFERON_GAMMA_RESPONSE,HERC6,ENSG00000138642,0.4491296454503365,4.960506235494524e-27,1.2748501025220927e-24
HALLMARK_INTERFERON_GAMMA_RESPONSE,OAS2,ENSG00000111335,0.42725915694565353,2.345071257246612e-24,4.017888754082529e-22
HALLMARK_INTERFERON_ALPHA_RESPONSE,PNPT1,ENSG00000138035,0.37844380212049017,4.751422654812377e-19,6.105578111433904e-17
HALLMARK_INTERFERON_ALPHA_RESPONSE,DDX60,ENSG00000137628,0.3759988043215309,8.319059771831142e-19,8.551993445442414e-17
HALLMARK_INTERFERON_GAMMA_RESPONSE,USP18,ENSG00000184979,0.3643710729694909,1.1194833545931187e-17,9.590240737681052e-16
HALLMARK_INTERFERON_ALPHA_RESPONSE,USP18,ENSG00000184979,0.362596087690583,1.649488191857416e-17,1.1809369498680334e-15
HALLMARK_INTERFERON_GAMMA_RESPONSE,PNPT1,ENSG00000138035,0.36209846228352366,1.838034163218729e-17,1.1809369498680334e-15
HALLMARK_INTERFERON_GAMMA_RESPONSE,OAS3,ENSG00000111331,0.3581584523233363,4.3015148921356587e-17,2.4566429495085873e-15
HALLMARK_INTERFERON_ALPHA_RESPONSE,PARP12,ENSG00000059378,0.3466236808835587,4.847307470606392e-16,2.4915160398916856e-14
HALLMARK_INTERFERON_ALPHA_RESPONSE,LAMP3,ENSG00000078081,0.3442921258893759,7.814569153862278e-16,3.6515350409865554e-14
HALLMARK_INTERFERON_ALPHA_RESPONSE,OAS1,ENSG00000089127,0.3435207803893266,9.144051031545119e-16,3.916701858511826e-14
HALLMARK_INTERFERON_GAMMA_RESPONSE,DDX60,ENSG00000137628,0.3404931062414268,1.6871042859473276e-15,6.670550792130204e-14
HALLMARK_INFLAMMATORY_RESPONSE,LAMP3,ENSG00000078081,0.3386579494893169,2.437602498385353e-15,8.949483458357653e-14
HALLMARK_INTERFERON_GAMMA_RESPONSE,PARP12,ENSG00000059378,0.3383076158094799,2.6142813002009e-15,8.958270588688418e-14
HALLMARK_INFLAMMATORY_RESPONSE,RTP4,ENSG00000136514,0.32682742979967544,2.466124791443168e-14,7.922425892511177e-13
HALLMARK_INTERFERON_GAMMA_RESPONSE,IFI44L,ENSG00000137959,0.32492312659696193,3.5461306684738655e-14,1.0721830374091569e-12
HALLMARK_INTERFERON_ALPHA_RESPONSE,IFI44L,ENSG00000137959,0.32445160339556856,3.87829931192203e-14,1.1074699146266243e-12
HALLMARK_INTERFERON_ALPHA_RESPONSE,CMPK2,ENSG00000134326,0.31762255913094883,1.394000268870351e-13,3.771137569470319e-12
HALLMARK_INTERFERON_GAMMA_RESPONSE,CMPK2,ENSG00000134326,0.31714822828342243,1.5217102335411446e-13,3.910795300200741e-12
HALLMARK_INTERFERON_ALPHA_RESPONSE,IFI44,ENSG00000137965,0.31032027739480733,5.282956150546448e-13,1.2930664101813687e-11
HALLMARK_INTERFERON_ALPHA_RESPONSE,SAMD9,ENSG00000205413,0.30764727730554375,8.525446546857357e-13,1.9918543295839462e-11
HALLMARK_INTERFERON_GAMMA_RESPONSE,CMTR1,ENSG00000137200,0.304356447478328,1.5265364832415307e-12,3.411477184287595e-11
HALLMARK_INFLAMMATORY_RESPONSE,LY6E,ENSG00000160932,0.3024132745625281,2.1458705191717823e-12,4.5957393618929004e-11
HALLMARK_INTERFERON_GAMMA_RESPONSE,IFI44,ENSG00000137965,0.30186532684387984,2.361071181160716e-12,4.854362348466432e-11
HALLMARK_INTERFERON_GAMMA_RESPONSE,ZBP1,ENSG00000124256,0.30078333448346467,2.8497739940861725e-12,5.633783972924203e-11
HALLMARK_INTERFERON_ALPHA_RESPONSE,RTP4,ENSG00000136514,0.30015208164098306,3.1792099652205455e-12,6.052273785642076e-11
HALLMARK_INTERFERON_GAMMA_RESPONSE,RTP4,ENSG00000136514,0.29946336902672777,3.581134147435182e-12,6.573939113506013e-11
HALLMARK_INTERFERON_ALPHA_RESPONSE,EIF2AK2,ENSG00000055332,0.2954288828927949,7.147147654799221e-12,1.2667703084713102e-10
HALLMARK_INTERFERON_ALPHA_RESPONSE,CMTR1,ENSG00000137200,0.294732134692724,8.044270189714993e-12,1.3782516258378353e-10
HALLMARK_INTERFERON_ALPHA_RESPONSE,TRIM5,ENSG00000132256,0.2901495749235157,1.736922303548481e-11,2.8799292387868364e-10
HALLMARK_INTERFERON_GAMMA_RESPONSE,EPSTI1,ENSG00000133106,0.28792389597614076,2.511784689493532e-11,4.0345541574989854e-10
HALLMARK_INTERFERON_ALPHA_RESPONSE,IFIH1,ENSG00000115267,0.2866295955129145,3.108128281243529e-11,4.841145262300527e-10
HALLMARK_INTERFERON_ALPHA_RESPONSE,EPSTI1,ENSG00000133106,0.2857197972947832,3.607844348459877e-11,5.454211750318755e-10
HALLMARK_INTERFERON_ALPHA_RESPONSE,RSAD2,ENSG00000134321,0.2818832676756881,6.72547713212945e-11,9.87684355975582e-10
HALLMARK_INTERFERON_ALPHA_RESPONSE,PARP14,ENSG00000173193,0.2807564359940399,8.060835337846623e-11,1.1509081565703235e-9
HALLMARK_INTERFERON_GAMMA_RESPONSE,RSAD2,ENSG00000134321,0.277407510288916,1.374216754062996e-10,1.909047058346973e-9
HALLMARK_INTERFERON_GAMMA_RESPONSE,EIF2AK2,ENSG00000055332,0.2762890967670692,1.6395739568568664e-10,2.2177395100642876e-9
HALLMARK_INTERFERON_GAMMA_RESPONSE,LY6E,ENSG00000160932,0.27566764392784354,1.8079500642228432e-10,2.3827854692577982e-9
HALLMARK_INTERFERON_ALPHA_RESPONSE,LY6E,ENSG00000160932,0.26948006441751376,4.721572417762165e-10,6.067220556824381e-9
HALLMARK_INTERFERON_GAMMA_RESPONSE,PARP14,ENSG00000173193,0.2630987212378992,1.2389802311400096e-9,1.5532581434291828e-8
HALLMARK_INFLAMMATORY_RESPONSE,EIF2AK2,ENSG00000055332,0.25734193817169077,2.8945197053146763e-9,3.542340782218437e-8
HALLMARK_INTERFERON_GAMMA_RESPONSE,TOR1B,ENSG00000136816,0.2571575937998862,2.9732393577268986e-9,3.554058209003781e-8
HALLMARK_INTERFERON_GAMMA_RESPONSE,IFIH1,ENSG00000115267,0.25498344765813913,4.073644513834039e-9,4.758757454797036e-8
HALLMARK_INTERFERON_GAMMA_RESPONSE,MX1,ENSG00000157601,0.2530038060527182,5.4125898843247365e-9,6.182380445650922e-8
HALLMARK_INFLAMMATORY_RESPONSE,CXCL11,ENSG00000169248,0.2505928625709642,7.626234338601857e-9,8.521487934872512e-8
HALLMARK_INTERFERON_ALPHA_RESPONSE,PLSCR1,ENSG00000188313,0.2503636346975367,7.877484116532972e-9,8.614950714676483e-8
HALLMARK_INTERFERON_GAMMA_RESPONSE,DHX58,ENSG00000108771,0.24820470971280384,1.0673096019248822e-8,1.1429106987278947e-7
HALLMARK_INFLAMMATORY_RESPONSE,CCL2,ENSG00000108691,0.24727617559303433,1.2151851488577095e-8,1.2747044214548217e-7
HALLMARK_INTERFERON_GAMMA_RESPONSE,XAF1,ENSG00000132530,0.24503372129814358,1.6588231512926923e-8,1.7052701995288876e-7
HALLMARK_INTERFERON_GAMMA_RESPONSE,CCL2,ENSG00000108691,0.24347967646959767,2.054432543499574e-8,2.0705457399191786e-7
HALLMARK_INTERFERON_GAMMA_RESPONSE,IRF7,ENSG00000185507,0.23995394093047603,3.319712000121106e-8,3.2470947833847284e-7
HALLMARK_ALLOGRAFT_REJECTION,CXCL13,ENSG00000156234,0.2398907228816294,3.3481716638013734e-8,3.2470947833847284e-7
HALLMARK_INTERFERON_GAMMA_RESPONSE,CCL7,ENSG00000108688,0.23964326710955466,3.4618585699340415e-8,3.295176490640921e-7
HALLMARK_ALLOGRAFT_REJECTION,CCL7,ENSG00000108688,0.23919790954057985,3.675940249321786e-8,3.4353332511843606e-7
HALLMARK_INTERFERON_ALPHA_RESPONSE,MX1,ENSG00000157601,0.23710757475903457,4.8639854866976845e-8,4.464443821718946e-7
HALLMARK_INTERFERON_ALPHA_RESPONSE,TDRD7,ENSG00000196116,0.23538234259245086,6.116756143450077e-8,5.51581168023393e-7
HALLMARK_INTERFERON_ALPHA_RESPONSE,TRIM14,ENSG00000106785,0.23458036433078802,6.800264558516646e-8,6.026441350133719e-7
HALLMARK_INTERFERON_GAMMA_RESPONSE,ISG15,ENSG00000187608,0.23294785624162456,8.426769696679313e-8,7.241254979720923e-7
HALLMARK_ALLOGRAFT_REJECTION,CCL13,ENSG00000181374,0.23292426534743954,8.452826824576953e-8,7.241254979720923e-7
HALLMARK_INTERFERON_GAMMA_RESPONSE,IFI27,ENSG00000165949,0.23187347269956496,9.695749733244314e-8,8.169861250635372e-7
HALLMARK_INTERFERON_ALPHA_RESPONSE,IFI27,ENSG00000165949,0.22999618971581146,1.2368519276507443e-7,1.025390146471746e-6
HALLMARK_INTERFERON_GAMMA_RESPONSE,TRIM14,ENSG00000106785,0.2284432626333275,1.51044083584799e-7,1.2323279200410585e-6
HALLMARK_INTERFERON_GAMMA_RESPONSE,PLSCR1,ENSG00000188313,0.22828403474354617,1.541584878871363e-7,1.2380853558435633e-6
HALLMARK_INTERFERON_GAMMA_RESPONSE,LGALS3BP,ENSG00000108679,0.22729503063194637,1.749353194701128e-7,1.3833346801175074e-6
HALLMARK_ALLOGRAFT_REJECTION,CCL2,ENSG00000108691,0.2271566331861337,1.780498179124856e-7,1.3866304001063273e-6
HALLMARK_TNFA_SIGNALING_VIA_NFKB,IFIH1,ENSG00000115267,0.2269315764055708,1.8322894734297177e-7,1.405666849765485e-6
HALLMARK_INTERFERON_ALPHA_RESPONSE,PARP9,ENSG00000138496,0.2253787159720452,2.23133081300755e-7,1.6866235851262951e-6
HALLMARK_INTERFERON_GAMMA_RESPONSE,BST2,ENSG00000130303,0.22351148599001727,2.8225833324978295e-7,2.102620047686789e-6
HALLMARK_INTERFERON_GAMMA_RESPONSE,CXCL11,ENSG00000169248,0.22312952601472552,2.9608746152956855e-7,2.1741279318028317e-6
HALLMARK_INTERFERON_ALPHA_RESPONSE,SAMD9L,ENSG00000177409,0.22158327882325676,3.590354491330482e-7,2.5992143782308e-6
HALLMARK_INTERFERON_ALPHA_RESPONSE,CXCL10,ENSG00000169245,0.22062866708242068,4.041298699771191e-7,2.885038238447767e-6
HALLMARK_INTERFERON_ALPHA_RESPONSE,TENT5A,ENSG00000112773,0.21805855911736421,5.542702428088598e-7,3.9026699288185465e-6
HALLMARK_INTERFERON_GAMMA_RESPONSE,CXCL10,ENSG00000169245,0.21772531781780075,5.772840548420791e-7,4.009783840389577e-6
HALLMARK_INTERFERON_ALPHA_RESPONSE,CXCL11,ENSG00000169248,0.21648241851774605,6.714921474287256e-7,4.601959517044866e-6
HALLMARK_INFLAMMATORY_RESPONSE,BST2,ENSG00000130303,0.21509891089773558,7.937154775447818e-7,5.368023098131814e-6
HALLMARK_INFLAMMATORY_RESPONSE,IFITM1,ENSG00000185885,0.2134390793498726,9.686418621840395e-7,6.465998924189562e-6
HALLMARK_INTERFERON_ALPHA_RESPONSE,BST2,ENSG00000130303,0.21284727379895435,1.039531967685179e-6,6.837608432500528e-6
HALLMARK_INFLAMMATORY_RESPONSE,CXCL10,ENSG00000169245,0.21275586121484028,1.0509164711430773e-6,6.837608432500528e-6
HALLMARK_MITOTIC_SPINDLE,BIRC5,ENSG00000089685,0.21223518691848525,1.1180778212495548e-6,7.088812288314621e-6
HALLMARK_INTERFERON_ALPHA_RESPONSE,SP110,ENSG00000135899,0.21220922737404882,1.121531892771707e-6,7.088812288314621e-6
HALLMARK_INTERFERON_GAMMA_RESPONSE,TDRD7,ENSG00000196116,0.21213920424683164,1.1309000148673131e-6,7.088812288314621e-6
HALLMARK_APICAL_JUNCTION,AMH,ENSG00000104899,0.21166773839608308,1.1959582426645933e-6,7.406295623248204e-6
HALLMARK_INTERFERON_ALPHA_RESPONSE,DHX58,ENSG00000108771,0.2104355626641792,1.3833819826300917e-6,8.464980227046038e-6
HALLMARK_INTERFERON_ALPHA_RESPONSE,ISG15,ENSG00000187608,0.20875396401656815,1.6850866360621466e-6,1.0189818011011097e-5
HALLMARK_TNFA_SIGNALING_VIA_NFKB,CXCL11,ENSG00000169248,0.2080193623310818,1.8358275458208934e-6,1.097227161106906e-5
HALLMARK_INTERFERON_GAMMA_RESPONSE,IFIT1,ENSG00000185745,0.20737896035928308,1.9777042206230556e-6,1.1684367464370696e-5
HALLMARK_TNFA_SIGNALING_VIA_NFKB,CCL2,ENSG00000108691,0.20683511128363918,2.1063817361502748e-6,1.2303184231605014e-5
HALLMARK_INTERFERON_ALPHA_RESPONSE,IRF7,ENSG00000185507,0.20589270830013143,2.3485633729993493e-6,1.3563613187883884e-5
HALLMARK_INTERFERON_ALPHA_RESPONSE,MOV10,ENSG00000155363,0.20477203409408426,2.6713084809145012e-6,1.5125598532352077e-5
HALLMARK_IL2_STAT5_SIGNALING,BCL2,ENSG00000171791,-0.20475059508879828,2.6778783393852896e-6,1.5125598532352077e-5
HALLMARK_NOTCH_SIGNALING,CUL1,ENSG00000055130,0.20438426299181112,2.792556637473273e-6,1.56018925180572e-5
HALLMARK_G2M_CHECKPOINT,CDC20,ENSG00000117399,0.20401977646897357,2.9113116133744848e-6,1.6090474938435324e-5
HALLMARK_INTERFERON_GAMMA_RESPONSE,IRF4,ENSG00000137265,0.2022512990715464,3.559445838766417e-6,1.9463352777935512e-5
HALLMARK_INFLAMMATORY_RESPONSE,CCL7,ENSG00000108688,0.20182148723621707,3.7366517551439784e-6,2.021725265414742e-5
HALLMARK_COMPLEMENT,IRF7,ENSG00000185507,0.2004161835165906,4.376796593435184e-6,2.3434098427350884e-5
HALLMARK_INTERFERON_ALPHA_RESPONSE,LGALS3BP,ENSG00000108679,0.19883314837911248,5.223220015074554e-6,2.750620491605508e-5
HALLMARK_INTERFERON_GAMMA_RESPONSE,LAP3,ENSG00000002549,0.1987968108740391,5.244373699948245e-6,2.750620491605508e-5
HALLMARK_TGF_BETA_SIGNALING,LEFTY2,ENSG00000143768,0.19806943972921204,5.6854163363092075e-6,2.9518222190534673e-5
HALLMARK_INTERFERON_ALPHA_RESPONSE,IFIT2,ENSG00000119922,0.19781104051953954,5.850452619694962e-6,3.0071326465232103e-5
HALLMARK_INTERFERON_GAMMA_RESPONSE,RNF213,ENSG00000173821,0.19709489854273016,6.332075726207738e-6,3.222462300268097e-5
HALLMARK_PROTEIN_SECRETION,MAPK1,ENSG00000100030,-0.19654974220873744,6.723823381506951e-6,3.388279625582914e-5
HALLMARK_INTERFERON_GAMMA_RESPONSE,SP110,ENSG00000135899,0.19629692617271213,6.913243770086695e-6,3.449909997887923e-5
HALLMARK_INTERFERON_ALPHA_RESPONSE,OASL,ENSG00000135114,0.19580324387236706,7.297902352644281e-6,3.606847893518424e-5
HALLMARK_INFLAMMATORY_RESPONSE,AXL,ENSG00000167601,0.1935062924739696,9.372075916987755e-6,4.5878543060301965e-5
HALLMARK_INTERFERON_GAMMA_RESPONSE,SAMD9L,ENSG00000177409,0.19329911075951017,9.584557639066237e-6,4.6476062513962696e-5
HALLMARK_MITOTIC_SPINDLE,TPX2,ENSG00000088325,0.1927287166052961,1.0193506500864603e-5,4.896693777050847e-5
HALLMARK_INTERFERON_ALPHA_RESPONSE,IFIT3,ENSG00000119917,0.1916279519972281,1.147434274906353e-5,5.4609371972394955e-5
HALLMARK_INTERFERON_GAMMA_RESPONSE,IFIT2,ENSG00000119922,0.19016303898426704,1.341791251856691e-5,6.327345903250817e-5
HALLMARK_COMPLEMENT,LAP3,ENSG00000002549,0.1895013902227929,1.4394935069472676e-5,6.726360568826323e-5
HALLMARK_INTERFERON_GAMMA_RESPONSE,IFIT3,ENSG00000119917,0.18776846072243264,1.728461622053372e-5,8.003867330949848e-5
HALLMARK_INTERFERON_GAMMA_RESPONSE,APOL6,ENSG00000221963,0.18699505164030492,1.8745038707024718e-5,8.60263383518813e-5
HALLMARK_INTERFERON_ALPHA_RESPONSE,GBP4,ENSG00000162654,0.1865071184249567,1.9725896555618806e-5,8.972664450962891e-5
HALLMARK_G2M_CHECKPOINT,TPX2,ENSG00000088325,0.18617836974226715,2.0414027161401524e-5,9.204219264000337e-5
HALLMARK_HYPOXIA,DDIT3,ENSG00000175197,0.18606611346877927,2.0654175261001254e-5,9.231518334047517e-5
HALLMARK_INTERFERON_GAMMA_RESPONSE,MT2A,ENSG00000125148,0.18450065815942968,2.429548195437939e-5,1.0765411831509489e-4
HALLMARK_E2F_TARGETS,CDC20,ENSG00000117399,0.1839141035423582,2.5810543075502048e-5,1.1338990718639361e-4
HALLMARK_TNFA_SIGNALING_VIA_NFKB,DUSP5,ENSG00000138166,0.18353605159213607,2.6834073167296482e-5,1.1688740345754569e-4
HALLMARK_INTERFERON_ALPHA_RESPONSE,LAP3,ENSG00000002549,0.18252444757528116,2.9765479248108718e-5,1.2856685994561243e-4
HALLMARK_COMPLEMENT,DUSP5,ENSG00000138166,0.18225181057343787,3.060598155815394e-5,1.3109562100742603e-4
HALLMARK_ESTROGEN_RESPONSE_EARLY,CXCL12,ENSG00000107562,0.18167246123547295,3.246729454565816e-5,1.3699064100552256e-4
HALLMARK_INTERFERON_GAMMA_RESPONSE,OASL,ENSG00000135114,0.18165794278669475,3.25152883320501e-5,1.3699064100552256e-4
HALLMARK_HEDGEHOG_SIGNALING,PML,ENSG00000140464,-0.1790541278036673,4.2299170821124616e-5,1.7676238863461831e-4
HALLMARK_TNFA_SIGNALING_VIA_NFKB,SIK1,ENSG00000142178,0.17884782484334688,4.318321729552481e-5,1.7900140072499803e-4
HALLMARK_INTERFERON_GAMMA_RESPONSE,GBP4,ENSG00000162654,0.17851860292708654,4.463028272506212e-5,1.8351972256545546e-4
HALLMARK_INFLAMMATORY_RESPONSE,IRF7,ENSG00000185507,0.17656893881687108,5.418481525265114e-5,2.2103964317351339e-4
HALLMARK_TNFA_SIGNALING_VIA_NFKB,ATF3,ENSG00000162772,0.17426334782063618,6.797536871354822e-5,2.751129095965652e-4
HALLMARK_INTERFERON_ALPHA_RESPONSE,CNP,ENSG00000173786,0.1694295098720324,1.0833480561143837e-4,4.350319537834322e-4
HALLMARK_ESTROGEN_RESPONSE_EARLY,BCL2,ENSG00000171791,-0.16895167270052447,1.1336560073262667e-4,4.5170479671759775e-4
HALLMARK_ALLOGRAFT_REJECTION,C2,ENSG00000166278,0.16711059937811779,1.3487732215807665e-4,5.332841814557801e-4
HALLMARK_KRAS_SIGNALING_DN,PAX3,ENSG00000135903,0.16700661499791003,1.3620006758758915e-4,5.344033186261132e-4
HALLMARK_TNFA_SIGNALING_VIA_NFKB,CXCL10,ENSG00000169245,0.16647882367771352,1.4310386197454903e-4,5.572377655675622e-4
HALLMARK_IL6_JAK_STAT3_SIGNALING,CXCL13,ENSG00000156234,0.1661008119888266,1.482489676238981e-4,5.729321004412303e-4
HALLMARK_EPITHELIAL_MESENCHYMAL_TRANSITION,TFPI2,ENSG00000105825,0.16583395257093098,1.5198521047259624e-4,5.829880461411527e-4
HALLMARK_ESTROGEN_RESPONSE_LATE,CXCL12,ENSG00000107562,0.1640820869567769,1.7879478348076483e-4,6.807445830304676e-4
HALLMARK_G2M_CHECKPOINT,PML,ENSG00000140464,0.1635530639850158,1.8772449840309062e-4,7.094881777881513e-4
HALLMARK_INTERFERON_GAMMA_RESPONSE,RIGI,ENSG00000107201,0.16206478492398632,2.1513965197461057e-4,8.071662855105827e-4
HALLMARK_COMPLEMENT,C1QA,ENSG00000173372,0.16193549164441434,2.1769040458454546e-4,8.108178837424374e-4
HALLMARK_INTERFERON_GAMMA_RESPONSE,PML,ENSG00000140464,0.16115685792542817,2.3366016257375088e-4,8.608773905350084e-4
HALLMARK_INFLAMMATORY_RESPONSE,CD40,ENSG00000101017,0.1611182325393775,2.344802231029206e-4,8.608773905350084e-4
HALLMARK_G2M_CHECKPOINT,MT2A,ENSG00000125148,0.16003710886753003,2.585562870739653e-4,9.405538769884972e-4
HALLMARK_INTERFERON_ALPHA_RESPONSE,IFITM1,ENSG00000185885,0.15998207117921107,2.598417325532424e-4,9.405538769884972e-4
HALLMARK_IL6_JAK_STAT3_SIGNALING,CXCL11,ENSG00000169248,0.15917262188405137,2.794505464993343e-4,0.001004458607696908
HALLMARK_ALLOGRAFT_REJECTION,STAT1,ENSG00000115415,0.15883008837645657,2.881576680114988e-4,0.0010285627872077111
HALLMARK_TNFA_SIGNALING_VIA_NFKB,PMEPA1,ENSG00000124225,0.15773796095528309,0.00031764104129042606,0.0011259827256777863
HALLMARK_INTERFERON_GAMMA_RESPONSE,ISG20,ENSG00000172183,0.15633692026635695,3.595920925507962e-4,0.001265961202541844
HALLMARK_INTERFERON_ALPHA_RESPONSE,NUB1,ENSG00000013374,0.1561561148630009,3.653674788460249e-4,0.0012775434294344
HALLMARK_E2F_TARGETS,RRM2,ENSG00000171848,0.15466666763395415,4.1634186543861067e-4,0.001445944046185445
HALLMARK_G2M_CHECKPOINT,BIRC5,ENSG00000089685,0.1537282583289022,4.517795106177679e-4,0.0015584877077686758
HALLMARK_ANDROGEN_RESPONSE,FKBP5,ENSG00000096060,-0.15271187657707364,4.933155878885392e-4,0.0016904280811647276
HALLMARK_ESTROGEN_RESPONSE_LATE,JAK2,ENSG00000096968,0.15089875620907825,5.763476735514741e-4,0.001961872213281177
HALLMARK_IL2_STAT5_SIGNALING,PLSCR1,ENSG00000188313,0.14947678772176481,6.503519388650147e-4,0.002199216424846168
HALLMARK_COMPLEMENT,SERPING1,ENSG00000149131,0.14934330269218152,6.577334575607698e-4,0.0022096405044852007
HALLMARK_TNFA_SIGNALING_VIA_NFKB,RIGI,ENSG00000107201,0.1490712686008409,6.730175880627101e-4,0.0022463054562612533
HALLMARK_ESTROGEN_RESPONSE_LATE,BCL2,ENSG00000171791,-0.14667656444579816,8.224864545854164e-4,0.002727471210689703
HALLMARK_UV_RESPONSE_DN,PRKCE,ENSG00000171132,-0.14491504773818553,9.514291311360019e-4,0.0031348370089993908
HALLMARK_APICAL_JUNCTION,ALOX15B,ENSG00000179593,0.14461816912939798,9.749163179253323e-4,0.0031917642510421707
HALLMARK_P53_PATHWAY,DDIT3,ENSG00000175197,0.14436221591888987,9.955942704537697e-4,0.003226721504377372
HALLMARK_MYC_TARGETS_V1,PSMB2,ENSG00000126067,-0.14433093145940504,9.981492591361908e-4,0.003226721504377372
HALLMARK_INTERFERON_GAMMA_RESPONSE,BANK1,ENSG00000153064,0.14338856930263744,0.0010780078326518311,0.0034631001623940073
HALLMARK_INTERFERON_ALPHA_RESPONSE,ADAR,ENSG00000160710,0.14244069758210878,0.0011642419611186143,0.003716896695745141
HALLMARK_APOPTOSIS,ATF3,ENSG00000162772,0.14209052910606357,0.0011976754425157435,0.0038000319595869886
HALLMARK_COMPLEMENT,C1QC,ENSG00000159189,0.14189724805240594,0.0012165062008898623,0.003836099308327541
HALLMARK_E2F_TARGETS,MKI67,ENSG00000148773,0.1391778364271346,0.0015120145625690553,0.00473887490951521
HALLMARK_COMPLEMENT,CTSL,ENSG00000135047,0.13609933250661363,0.0019252364919120795,0.0059974033748049025
HALLMARK_CHOLESTEROL_HOMEOSTASIS,ATF3,ENSG00000162772,0.13571079099860348,0.001984165520543158,0.006143741431079416
HALLMARK_P53_PATHWAY,ALOX15B,ENSG00000179593,0.13458485005676574,0.002164379870436033,0.006661624271880964
HALLMARK_TNFA_SIGNALING_VIA_NFKB,IFIT2,ENSG00000119922,0.13395533149041355,0.002271541971179035,0.006949836745154904
HALLMARK_KRAS_SIGNALING_DN,IFI44L,ENSG00000137959,0.1336583912092618,0.0023237531803698645,0.0070514442451117204
HALLMARK_TNFA_SIGNALING_VIA_NFKB,BIRC3,ENSG00000023445,0.13361098292786527,0.0023321897308735263,0.0070514442451117204
HALLMARK_IL2_STAT5_SIGNALING,IFNGR1,ENSG00000027697,-0.13335346818379706,0.0023785063476248363,0.007149428436720269
HALLMARK_PI3K_AKT_MTOR_SIGNALING,STAT2,ENSG00000170581,0.13298379184681625,0.0024464651059152194,0.007310948049072226
HALLMARK_APICAL_JUNCTION,COL16A1,ENSG00000084636,0.132885891822274,0.0024647567094919953,0.007323034385427084
HALLMARK_INTERFERON_ALPHA_RESPONSE,CCRL2,ENSG00000121797,0.1327433224431228,0.0024916175387043877,0.007329483805181513
HALLMARK_INTERFERON_GAMMA_RESPONSE,IFI35,ENSG00000068079,0.13272311204177084,0.0024954468208302815,0.007329483805181513
HALLMARK_INTERFERON_GAMMA_RESPONSE,CD40,ENSG00000101017,0.1311978008098113,0.0028004256756256306,0.008178515893588489
HALLMARK_INTERFERON_ALPHA_RESPONSE,ISG20,ENSG00000172183,0.13079415090400545,0.0028866242770647418,0.008382626431702131
HALLMARK_OXIDATIVE_PHOSPHORYLATION,TIMM10,ENSG00000134809,-0.13063049296522333,0.0029222559147145583,0.008429691098017639
HALLMARK_IL6_JAK_STAT3_SIGNALING,CCL7,ENSG00000108688,0.13056952566208668,0.0029356317247960255,0.008429691098017639
HALLMARK_INTERFERON_GAMMA_RESPONSE,STAT2,ENSG00000170581,0.12972539595499913,0.0031266419912821366,0.00892829990843899
HALLMARK_INFLAMMATORY_RESPONSE,CXCL9,ENSG00000138755,0.12963792143348218,0.003147068343277128,0.008936978610190298
HALLMARK_CHOLESTEROL_HOMEOSTASIS,FBXO6,ENSG00000116663,0.12913320018002797,0.003267314099940204,0.009227469491039917
HALLMARK_UV_RESPONSE_UP,EIF2S3,ENSG00000130741,-0.12860932920554285,0.0033965223911045822,0.00951589092538668
HALLMARK_TNFA_SIGNALING_VIA_NFKB,IRS2,ENSG00000185950,0.1285697637413136,0.0034064667904107953,0.00951589092538668
HALLMARK_TNFA_SIGNALING_VIA_NFKB,CD83,ENSG00000112149,0.12765518554575672,0.003643829862493774,0.01012393810444216
HALLMARK_ALLOGRAFT_REJECTION,CD28,ENSG00000178562,-0.1274925751895439,0.0036875698240878777,0.01019038112678048
HALLMARK_XENOBIOTIC_METABOLISM,CBR1,ENSG00000159228,0.12689537218467511,0.0038523234273164096,0.010588739260110345
HALLMARK_INTERFERON_GAMMA_RESPONSE,SERPING1,ENSG00000149131,0.1265191441033426,0.003959510066182648,0.01082546901073341
HALLMARK_PROTEIN_SECRETION,ARFGEF1,ENSG00000066777,-0.12611197580058037,0.004078547876884279,0.011091923855653541
HALLMARK_INTERFERON_GAMMA_RESPONSE,MX2,ENSG00000183486,0.12600477150766026,0.004110423593719168,0.011119777511429748
HALLMARK_COMPLEMENT,PLSCR1,ENSG00000188313,0.125148160176015,0.0043733331126510734,0.011769074449752105
HALLMARK_INTERFERON_ALPHA_RESPONSE,PSMB8,ENSG00000204264,0.12496137163530022,0.0044326424798576056,0.011866553305452133
HALLMARK_G2M_CHECKPOINT,MKI67,ENSG00000148773,0.12439699566357738,0.00461628551684129,0.012187823556164353
HALLMARK_INTERFERON_GAMMA_RESPONSE,CXCL9,ENSG00000138755,0.12438062714293097,0.004621712738387023,0.012187823556164353
HALLMARK_MITOTIC_SPINDLE,NDC80,ENSG00000080986,0.12437438116580858,0.004623785201268577,0.012187823556164353
HALLMARK_INTERFERON_GAMMA_RESPONSE,ADAR,ENSG00000160710,0.1242568748693299,0.004662931394166722,0.012228299676539262
HALLMARK_E2F_TARGETS,BIRC5,ENSG00000089685,0.12385802313598474,0.004798046717684066,0.01251876148674929
HALLMARK_MITOTIC_SPINDLE,ARFGEF1,ENSG00000066777,-0.12139590422410969,0.0057132063094620465,0.014831252742744909
HALLMARK_IL6_JAK_STAT3_SIGNALING,CXCL10,ENSG00000169245,0.12093728065714053,0.00590007109278774,0.015239379606496975
HALLMARK_INTERFERON_GAMMA_RESPONSE,WARS1,ENSG00000140105,0.12086273254970786,0.0059309591373137805,0.015242564982896415
HALLMARK_INTERFERON_ALPHA_RESPONSE,STAT2,ENSG00000170581,0.12074779398122967,0.005978867225003451,0.015289242555481463
HALLMARK_INTERFERON_GAMMA_RESPONSE,PSME2,ENSG00000100911,0.12034502437267862,0.006149503453673485,0.01564774641182263
HALLMARK_COMPLEMENT,JAK2,ENSG00000096968,0.11990420468836807,0.006341260726602705,0.016056197110708326
HALLMARK_INTERFERON_GAMMA_RESPONSE,JAK2,ENSG00000096968,0.11948296512775061,0.0065294963401935704,0.01645177019048772
HALLMARK_COMPLEMENT,FN1,ENSG00000115414,0.11915778160232612,0.006678219171351057,0.0167444129467046
HALLMARK_INTERFERON_ALPHA_RESPONSE,IFI35,ENSG00000068079,0.1184781252578219,0.0069989047078330485,0.017463286504010616
HALLMARK_COAGULATION,C1QA,ENSG00000173372,0.11833959611982013,0.007065934803400645,0.0174884188718109
HALLMARK_IL2_STAT5_SIGNALING,AHR,ENSG00000106546,-0.11831678875925378,0.007077025535674449,0.0174884188718109
HALLMARK_PROTEIN_SECRETION,VAMP3,ENSG00000049245,-0.1171455812967219,0.007667933219495905,0.018857979305363134
HALLMARK_INTERFERON_ALPHA_RESPONSE,WARS1,ENSG00000140105,0.11704421420845743,0.007721092700239995,0.018898293561539797
HALLMARK_INTERFERON_ALPHA_RESPONSE,NCOA7,ENSG00000111912,0.11560146604562127,0.008514221276698082,0.020682804877416434
HALLMARK_XENOBIOTIC_METABOLISM,MT2A,ENSG00000125148,0.11557286832082765,0.008530651038934405,0.020682804877416434
HALLMARK_COMPLEMENT,C2,ENSG00000166278,0.11545318448750685,0.008599718028896664,0.02075237120588209
HALLMARK_ESTROGEN_RESPONSE_EARLY,REEP1,ENSG00000068615,0.11519357769436757,0.008751247280665864,0.02101935094515072
HALLMARK_IL6_JAK_STAT3_SIGNALING,CXCL9,ENSG00000138755,0.11476364934743855,0.009007428185743275,0.02153403761614904
HALLMARK_INFLAMMATORY_RESPONSE,TNFRSF9,ENSG00000049249,0.11435985841933932,0.009254093075190466,0.02202131407707361
HALLMARK_UNFOLDED_PROTEIN_RESPONSE,CCL2,ENSG00000108691,0.11305691379836097,0.010091516339191704,0.023903407365643024
HALLMARK_ALLOGRAFT_REJECTION,WARS1,ENSG00000140105,0.11293216881991401,0.010175117842173153,0.023990874178334863
HALLMARK_INTERFERON_ALPHA_RESPONSE,PSME2,ENSG00000100911,0.11265285113158044,0.010364543933630071,0.02432591589902218
HALLMARK_INFLAMMATORY_RESPONSE,CCRL2,ENSG00000121797,0.11246475453437996,0.010493862929965986,0.024517479754556894
HALLMARK_APOPTOSIS,DDIT3,ENSG00000175197,0.1123427949212226,0.010578474771248724,0.02460333046344726
HALLMARK_E2F_TARGETS,BRCA2,ENSG00000139618,0.11219360120292386,0.010682803175132276,0.024727467339871516
HALLMARK_FATTY_ACID_METABOLISM,UBE2L6,ENSG00000156587,-0.11212927701905057,0.010728064624107681,0.024727467339871516
HALLMARK_GLYCOLYSIS,SDC1,ENSG00000115884,0.11156960915013464,0.011129102063399798,0.02553731455619418
HALLMARK_IL6_JAK_STAT3_SIGNALING,STAT2,ENSG00000170581,0.11145757314782975,0.011210959632271481,0.025553556938030172
HALLMARK_INTERFERON_GAMMA_RESPONSE,BATF2,ENSG00000168062,0.11142397597488436,0.011235610638122215,0.025553556938030172
HALLMARK_G2M_CHECKPOINT,PTTG1,ENSG00000164611,0.11109539844895172,0.011479236853280348,0.02591529481468627
HALLMARK_BILE_ACID_METABOLISM,IDH2,ENSG00000182054,-0.11107368429932495,0.011495500423635154,0.02591529481468627
HALLMARK_E2F_TARGETS,PTTG1,ENSG00000164611,0.11029453801854926,0.012092725416816809,0.027136192506099013
HALLMARK_ALLOGRAFT_REJECTION,IFNGR1,ENSG00000027697,-0.11023095173287832,0.01214265423424664,0.027136192506099013
HALLMARK_INTERFERON_GAMMA_RESPONSE,PSMB8,ENSG00000204264,0.11002667735566331,0.01230428800621808,0.027378372446736333
HALLMARK_KRAS_SIGNALING_DN,VPREB1,ENSG00000169575,0.10922226876783746,0.012959409102089188,0.028711794303766563
HALLMARK_FATTY_ACID_METABOLISM,IL4I1,ENSG00000104951,0.10864090136698581,0.013451849151271665,0.029674894694221614
HALLMARK_XENOBIOTIC_METABOLISM,NDRG2,ENSG00000165795,0.10849847242582682,0.013574977748203947,0.029818540865712947
HALLMARK_MYOGENESIS,AGRN,ENSG00000188157,-0.10819965943282576,0.013836529713053332,0.030263728819188988
HALLMARK_P53_PATHWAY,ATF3,ENSG00000162772,0.1079580980173232,0.014051201909781413,0.03060304144757477
HALLMARK_ESTROGEN_RESPONSE_LATE,IMPA2,ENSG00000141401,-0.10710470766782317,0.014833246058971492,0.032169993562495135
HALLMARK_ESTROGEN_RESPONSE_LATE,TFPI2,ENSG00000105825,0.10650704224018435,0.015403473802063436,0.03326632577420423
HALLMARK_INTERFERON_ALPHA_RESPONSE,NMI,ENSG00000123609,0.10627730998341109,0.015627725762518647,0.03360941858550036
HALLMARK_KRAS_SIGNALING_DN,RSAD2,ENSG00000134321,0.10601903371240003,0.015883256112859997,0.03401664017504183
HALLMARK_UNFOLDED_PROTEIN_RESPONSE,ATF3,ENSG00000162772,0.10561719628359649,0.016288106485021103,0.03473894910083339
HALLMARK_INTERFERON_GAMMA_RESPONSE,TRAFD1,ENSG00000135148,0.10531026112314656,0.01660340558704377,0.035265084593968994
HALLMARK_INTERFERON_GAMMA_RESPONSE,SAMHD1,ENSG00000101347,0.10509138357771365,0.01683149973788015,0.03560243154432262
HALLMARK_ALLOGRAFT_REJECTION,CXCL9,ENSG00000138755,0.10496030362704242,0.016969408343929043,0.03574703233106364
HALLMARK_CHOLESTEROL_HOMEOSTASIS,ATF5,ENSG00000169136,0.10482915005058309,0.017108382959156728,0.03589268914696554
HALLMARK_ESTROGEN_RESPONSE_LATE,FKBP5,ENSG00000096060,-0.10450482204766193,0.017456334797703532,0.03647380522772201
HALLMARK_TNFA_SIGNALING_VIA_NFKB,TAP1,ENSG00000168394,0.10437410105262235,0.017598317241160233,0.03662159944111886
HALLMARK_P53_PATHWAY,AEN,ENSG00000181026,0.10408764416043242,0.0179129858572569,0.03712610778479858
HALLMARK_HYPOXIA,SAP30,ENSG00000164105,0.10390058453647252,0.018121110775827863,0.037406630276206915
HALLMARK_INTERFERON_GAMMA_RESPONSE,UBE2L6,ENSG00000156587,0.10353211717013616,0.018537255491650542,0.038112597290833515
HALLMARK_APOPTOSIS,TAP1,ENSG00000168394,0.10346207358126798,0.01861729862991572,0.038124667313851314
HALLMARK_TNFA_SIGNALING_VIA_NFKB,GADD45B,ENSG00000099860,0.10185877760200397,0.020533746526030516,0.041882324263411444
HALLMARK_UV_RESPONSE_UP,TUBA4A,ENSG00000127824,-0.10178925178261036,0.020620597811107554,0.04189323033560981
HALLMARK_IL2_STAT5_SIGNALING,CXCL10,ENSG00000169245,0.10169138729238315,0.02074339070451635,0.041976782764257495
HALLMARK_CHOLESTEROL_HOMEOSTASIS,PLSCR1,ENSG00000188313,0.1013699634274246,0.02115117141399936,0.04262032945329899
HALLMARK_FATTY_ACID_METABOLISM,BLVRA,ENSG00000106605,-0.10131059624638868,0.021227245797752026,0.04262032945329899
HALLMARK_G2M_CHECKPOINT,BRCA2,ENSG00000139618,0.10120170932528026,0.021367393627746378,0.042734787255492755
HALLMARK_INTERFERON_ALPHA_RESPONSE,UBE2L6,ENSG00000156587,0.10066705569385544,0.02206726188065021,0.043963459715713984
HALLMARK_INTERFERON_ALPHA_RESPONSE,TRAFD1,ENSG00000135148,0.09972459167211521,0.023349440682979186,0.04633827224344132
HALLMARK_EPITHELIAL_MESENCHYMAL_TRANSITION,PMEPA1,ENSG00000124225,0.09865288440037592,0.024885336410625188,0.049196395827159026
HALLMARK_MTORC1_SIGNALING,RRM2,ENSG00000171848,0.0984628332515673,0.025166622268314894,0.0495618538157619
HALLMARK_MYC_TARGETS_V1,CUL1,ENSG00000055130,-0.09819435056579623,0.025568665370614748,0.050161427482809086
HALLMARK_COMPLEMENT,CR2,ENSG00000117322,0.09706682785438063,0.02731814998139473,0.05338984445033038
HALLMARK_IL6_JAK_STAT3_SIGNALING,CCR1,ENSG00000163823,0.09568027614613381,0.02960989807571101,0.057649574283770676
HALLMARK_INTERFERON_GAMMA_RESPONSE,NMI,ENSG00000123609,0.09559081094485283,0.029763271167227847,0.05772951464134005
HALLMARK_INTERFERON_GAMMA_RESPONSE,SLAMF7,ENSG00000026751,0.09534811955150929,0.030182758925590594,0.05832307551787055
HALLMARK_MYC_TARGETS_V1,TYMS,ENSG00000176890,0.09498313460609734,0.030823162725935906,0.05933747431135227
HALLMARK_XENOBIOTIC_METABOLISM,IGFBP4,ENSG00000141753,0.09467128574349036,0.031379514542717035,0.060183098787151335
HALLMARK_INTERFERON_ALPHA_RESPONSE,BATF2,ENSG00000168062,0.09457400838478233,0.03155480986328997,0.06021346248032031
HALLMARK_COMPLEMENT,CD40LG,ENSG00000102245,0.09450474665238044,0.03168013039764938,0.06021346248032031
HALLMARK_ADIPOGENESIS,CMBL,ENSG00000164237,0.09446800269611466,0.031746786638456814,0.06021346248032031
HALLMARK_DNA_REPAIR,NT5C3A,ENSG00000122643,0.09433267571194028,0.0319933147613629,0.06045795510051665
HALLMARK_COAGULATION,FN1,ENSG00000115414,0.09322595895542021,0.034071541643154145,0.06408190524801004
HALLMARK_G2M_CHECKPOINT,ATF5,ENSG00000169136,0.09317993994539778,0.034160393069950876,0.06408190524801004
HALLMARK_TNFA_SIGNALING_VIA_NFKB,CCRL2,ENSG00000121797,0.09290840643461,0.034688687320277585,0.06483631011862792
HALLMARK_EPITHELIAL_MESENCHYMAL_TRANSITION,FN1,ENSG00000115414,0.09248522834986314,0.035525886144556415,0.06601440655977939
HALLMARK_PI3K_AKT_MTOR_SIGNALING,DDIT3,ENSG00000175197,0.0924602388887686,0.035575857231632084,0.06601440655977939
HALLMARK_E2F_TARGETS,GINS1,ENSG00000101003,0.09228249506735678,0.03593301707764462,0.06643730495650839
HALLMARK_INTERFERON_ALPHA_RESPONSE,CASP8,ENSG00000064012,0.09121229525084731,0.03814853332906856,0.07028081050588258
HALLMARK_MYOGENESIS,TEAD4,ENSG00000197905,0.09040270193236295,0.03990053870832139,0.0732459889145614
HALLMARK_INFLAMMATORY_RESPONSE,NMI,ENSG00000123609,0.08971745814799886,0.041436183748492575,0.07579430052215368
HALLMARK_UV_RESPONSE_UP,ATF3,ENSG00000162772,0.0884163193676818,0.04448957742461325,0.08109093190160004
HALLMARK_XENOBIOTIC_METABOLISM,MTHFD1,ENSG00000100714,0.08785253622673092,0.0458702266686683,0.08331200179397706
HALLMARK_MTORC1_SIGNALING,SCD,ENSG00000099194,0.08739537435657281,0.04701603082083388,0.08509239380953737
HALLMARK_ALLOGRAFT_REJECTION,IRF7,ENSG00000185507,0.08713409850550652,0.0476815919921691,0.08599416941745586
HALLMARK_INTERFERON_GAMMA_RESPONSE,LYSMD2,ENSG00000140280,0.08685327423738272,0.04840573681079716,0.08699492559702708
HALLMARK_OXIDATIVE_PHOSPHORYLATION,ATP6V1C1,ENSG00000155097,-0.08659617204271007,0.04907676483566521,0.08789357883460598
HALLMARK_MTORC1_SIGNALING,DDIT3,ENSG00000175197,-0.08609934937702804,0.05039551826137035,0.08994200134147348
HALLMARK_IL2_STAT5_SIGNALING,GBP4,ENSG00000162654,0.08588726133820893,0.05096742974238367,0.09064795462832251
HALLMARK_ADIPOGENESIS,IFNGR1,ENSG00000027697,-0.08567109936565427,0.05155589343244191,0.09137837663543152
HALLMARK_COMPLEMENT,NOTCH4,ENSG00000204301,-0.08495118502606686,0.05355676553718886,0.09459854806225111
HALLMARK_INTERFERON_GAMMA_RESPONSE,STAT1,ENSG00000115415,0.08344982767411699,0.05793792422599813,0.10198662004165424
HALLMARK_ALLOGRAFT_REJECTION,HLA-DOB,ENSG00000241106,0.08303876660635676,0.05918795686140225,0.10383143285583875
HALLMARK_APOPTOSIS,IFNGR1,ENSG00000027697,-0.08284813340442965,0.05977520085755903,0.1045049429958685
HALLMARK_APICAL_SURFACE,BRCA1,ENSG00000012048,0.08245040234468415,0.0610159285643248,0.10631249926123033
HALLMARK_MYOGENESIS,PDE4DIP,ENSG00000178104,0.08218709904771787,0.06184895088944604,0.1073998674228894
HALLMARK_MYOGENESIS,SCD,ENSG00000099194,-0.08161294607777715,0.06369798896585589,0.11023827046616137
HALLMARK_APOPTOSIS,ISG20,ENSG00000172183,0.08090264125698864,0.06604825812831698,0.11392216334884205
HALLMARK_TNFA_SIGNALING_VIA_NFKB,TNFRSF9,ENSG00000049249,0.08071935771262186,0.06666614000100948,0.11460333097163503
HALLMARK_ADIPOGENESIS,RTN3,ENSG00000133318,-0.08058240924912319,0.06713090947981827,0.1150176249087553
HALLMARK_IL2_STAT5_SIGNALING,NT5E,ENSG00000135318,0.08012030020230763,0.06871885735511686,0.11727876575840043
HALLMARK_P53_PATHWAY,SDC1,ENSG00000115884,0.08006613651109153,0.06890697910318469,0.11727876575840043
HALLMARK_G2M_CHECKPOINT,SAP30,ENSG00000164105,-0.07990662176189137,0.06946345909427147,0.11740564222070204
HALLMARK_DNA_REPAIR,ADA,ENSG00000196839,-0.0798586482592246,0.06963153640324293,0.11740564222070204
HALLMARK_COAGULATION,TFPI2,ENSG00000105825,0.07984860311503718,0.06966677213485238,0.11740564222070204
HALLMARK_APOPTOSIS,GADD45B,ENSG00000099860,0.07944227532037441,0.07110434476433122,0.11943670983289624
HALLMARK_EPITHELIAL_MESENCHYMAL_TRANSITION,NTM,ENSG00000182667,0.07893614335958721,0.07292883885363008,0.12210235560510053
HALLMARK_INTERFERON_GAMMA_RESPONSE,CASP8,ENSG00000064012,0.07849327257718941,0.07455645960146584,0.12442214362062806
HALLMARK_HYPOXIA,IRS2,ENSG00000185950,0.07818659433289304,0.07570079817512573,0.12592301055668165
HALLMARK_KRAS_SIGNALING_UP,PSMB8,ENSG00000204264,0.07738542884940643,0.07875781179547293,0.1305855331060422
HALLMARK_ALLOGRAFT_REJECTION,SRGN,ENSG00000122862,-0.07713788311196035,0.07972237443630271,0.13175980855388936
HALLMARK_APICAL_SURFACE,CD160,ENSG00000117281,-0.07670748407407783,0.08142220442693818,0.134137862421302
HALLMARK_APOPTOSIS,BRCA1,ENSG00000012048,0.07603992600410149,0.08411658020332619,0.1381339368195197
HALLMARK_MITOTIC_SPINDLE,RAPGEF5,ENSG00000136237,0.07526449640919046,0.08733619337914117,0.14296434202827568
HALLMARK_HYPOXIA,ATF3,ENSG00000162772,0.07475634847258422,0.08949930014879642,0.1460401278618456
HALLMARK_MITOTIC_SPINDLE,ARHGAP5,ENSG00000100852,-0.07463409624994582,0.09002607661766067,0.1464348208274607
HALLMARK_IL6_JAK_STAT3_SIGNALING,IL1R2,ENSG00000115590,0.07451659494834832,0.09053472394057786,0.14679762809292435
HALLMARK_ALLOGRAFT_REJECTION,IL2RA,ENSG00000134460,0.07412241584765215,0.0922579300156694,0.149121308264321
HALLMARK_MYC_TARGETS_V1,CDC20,ENSG00000117399,0.07371376960759785,0.09407201023154103,0.15157684407213823
HALLMARK_E2F_TARGETS,MCM3,ENSG00000112118,0.07235885428641331,0.1002915955517881,0.16109337535505963
HALLMARK_ESTROGEN_RESPONSE_EARLY,JAK2,ENSG00000096968,0.07227938373650374,0.10066630987753185,0.16119153668863354
HALLMARK_ALLOGRAFT_REJECTION,CD8A,ENSG00000153563,0.07208989173017732,0.1015642793442931,0.16212434653095234
HALLMARK_MTORC1_SIGNALING,TUBA4A,ENSG00000127824,-0.07201459156620553,0.10192287458275426,0.1621930573855594
HALLMARK_ESTROGEN_RESPONSE_LATE,LARGE1,ENSG00000133424,0.07118757617767354,0.105927755496697,0.1680458837200687
HALLMARK_ESTROGEN_RESPONSE_EARLY,MPPED2,ENSG00000066382,0.07098403440628924,0.10693226008249285,0.16911748209969638
HALLMARK_TGF_BETA_SIGNALING,SMAD1,ENSG00000170365,0.07080773610359362,0.10780838370145482,0.1699800896397171
HALLMARK_DNA_REPAIR,TYMS,ENSG00000176890,0.07016190933439394,0.11106634069696657,0.174581342869238
HALLMARK_KRAS_SIGNALING_DN,MX1,ENSG00000157601,0.06852272467154344,0.11968364334018937,0.18755302645383334
HALLMARK_GLYCOLYSIS,SAP30,ENSG00000164105,0.0678371100764922,0.12343929034679094,0.19285044145364905
HALLMARK_HEME_METABOLISM,HTATIP2,ENSG00000109854,0.06745737705133051,0.12555850953620828,0.1955668906109426
HALLMARK_UV_RESPONSE_UP,E2F5,ENSG00000133740,0.06734564000682292,0.12618744602431517,0.19595271074470694
HALLMARK_EPITHELIAL_MESENCHYMAL_TRANSITION,BASP1,ENSG00000176788,-0.06705708003205704,0.12782298655831079,0.19789462376798717
HALLMARK_PI3K_AKT_MTOR_SIGNALING,PLCG1,ENSG00000124181,-0.06688429565853156,0.12881015736731424,0.19882408674714572
HALLMARK_EPITHELIAL_MESENCHYMAL_TRANSITION,GLIPR1,ENSG00000139278,-0.06538071554137534,0.13765160754594694,0.21123194293109093
HALLMARK_MYC_TARGETS_V1,MCM6,ENSG00000076003,-0.06537741896629577,0.1376714922633546,0.21123194293109093
HALLMARK_IL6_JAK_STAT3_SIGNALING,IL2RA,ENSG00000134460,0.06530951407039394,0.1380815813712968,0.21123194293109093
HALLMARK_E2F_TARGETS,TIMELESS,ENSG00000111602,0.06372493973981143,0.14791986435827456,0.22561071299748703
HALLMARK_GLYCOLYSIS,IRS2,ENSG00000185950,0.06336116645089442,0.15025206816853,0.2284898314752202
HALLMARK_REACTIVE_OXYGEN_SPECIES_PATHWAY,MBP,ENSG00000197971,0.06307677051388008,0.15209476275527617,0.23060975827791136
HALLMARK_G2M_CHECKPOINT,NDC80,ENSG00000080986,0.062323911442419284,0.1570555655866647,0.2368117826683521
HALLMARK_ESTROGEN_RESPONSE_LATE,NRIP1,ENSG00000180530,0.06231625308820194,0.15710664959126083,0.2368117826683521
HALLMARK_INTERFERON_ALPHA_RESPONSE,TRIM21,ENSG00000132109,0.06219649266778982,0.15790712960396938,0.23732241115918207
HALLMARK_KRAS_SIGNALING_DN,CD40LG,ENSG00000102245,0.06181663619597757,0.16046647706325437,0.24046579944755903
HALLMARK_SPERMATOGENESIS,STRBP,ENSG00000165209,0.060940268761792836,0.16649023466156554,0.2487673855117578
HALLMARK_P53_PATHWAY,PCNA,ENSG00000132646,0.060454414056484905,0.16990200586005014,0.2531293652523645
HALLMARK_G2M_CHECKPOINT,KPNA2,ENSG00000182481,0.059975044286477694,0.1733191889790064,0.2574741709110095
HALLMARK_MITOTIC_SPINDLE,CD2AP,ENSG00000198087,-0.059630131044095015,0.17580940261852504,0.2604208442245587
HALLMARK_UV_RESPONSE_UP,CNP,ENSG00000173786,-0.05909750637299887,0.17970697793011123,0.26507321712978227
HALLMARK_MTORC1_SIGNALING,CYP51A1,ENSG00000001630,0.059044830823834,0.18009589301481907,0.26507321712978227
HALLMARK_ESTROGEN_RESPONSE_LATE,IGFBP4,ENSG00000141753,0.0589905480186825,0.1804973268393459,0.26507321712978227
HALLMARK_DNA_REPAIR,FEN1,ENSG00000168496,0.05890312371673988,0.18114524210649152,0.2652668217741785
HALLMARK_FATTY_ACID_METABOLISM,LDHA,ENSG00000134333,0.05808982483302982,0.18725541048082836,0.2722246961427787
HALLMARK_MTORC1_SIGNALING,WARS1,ENSG00000140105,0.05806394478766191,0.1874523036723411,0.2722246961427787
HALLMARK_MYOGENESIS,REEP1,ENSG00000068615,0.05805958453269288,0.18748549111778923,0.2722246961427787
HALLMARK_UV_RESPONSE_UP,FEN1,ENSG00000168496,0.05774039255759312,0.18992673639134627,0.2749925140990197
HALLMARK_CHOLESTEROL_HOMEOSTASIS,SCD,ENSG00000099194,0.056177977799730106,0.20221378320092556,0.29196034990245995
HALLMARK_KRAS_SIGNALING_UP,MAP3K1,ENSG00000095015,0.0558531181325924,0.20483948971393973,0.2949229627814146
HALLMARK_IL6_JAK_STAT3_SIGNALING,IFNGR1,ENSG00000027697,0.055707498392894954,0.2060244640285602,0.2958004874599999
HALLMARK_DNA_REPAIR,CMPK2,ENSG00000134326,0.05550098774226661,0.2077134367837884,0.2973947256458697
HALLMARK_INFLAMMATORY_RESPONSE,AHR,ENSG00000106546,0.055200222933806234,0.21019115602721433,0.30010626166107823
HALLMARK_INTERFERON_GAMMA_RESPONSE,TAP1,ENSG00000168394,0.05484252579348618,0.21316556716207716,0.3035099765133176
HALLMARK_MITOTIC_SPINDLE,PCNT,ENSG00000160299,0.05467905329106647,0.21453495394534627,0.30461592908261875
HALLMARK_G2M_CHECKPOINT,MCM3,ENSG00000112118,0.05451816578306798,0.21588885018862336,0.30569385398609483
HALLMARK_INFLAMMATORY_RESPONSE,IL7R,ENSG00000168685,0.054290562033280386,0.21781463722188388,0.30686249255052883
HALLMARK_ESTROGEN_RESPONSE_LATE,CDC20,ENSG00000117399,0.05426361709749901,0.2180434346787813,0.30686249255052883
HALLMARK_MTORC1_SIGNALING,ACSL3,ENSG00000123983,-0.054209297857121364,0.2185051989756684,0.30686249255052883
HALLMARK_HYPOXIA,BCL2,ENSG00000171791,-0.0538527577857012,0.2215535184079867,0.3102956633833928
HALLMARK_CHOLESTEROL_HOMEOSTASIS,CYP51A1,ENSG00000001630,0.053700824081304895,0.2228616996124955,0.3109254152685335
HALLMARK_WNT_BETA_CATENIN_SIGNALING,NOTCH4,ENSG00000204301,0.053660132960116805,0.22321299267332462,0.3109254152685335
HALLMARK_EPITHELIAL_MESENCHYMAL_TRANSITION,CXCL12,ENSG00000107562,0.053552911397639805,0.224140545220317,0.311373622279035
HALLMARK_GLYCOLYSIS,PYGL,ENSG00000100504,0.05345661356562324,0.22497593770070662,0.3116917303993617
HALLMARK_MYC_TARGETS_V1,DDX21,ENSG00000165732,0.053367039641437526,0.22575498835798835,0.3119302796129194
HALLMARK_E2F_TARGETS,KPNA2,ENSG00000182481,0.05229296220001121,0.23524637477021404,0.3241732885573459
HALLMARK_IL2_STAT5_SIGNALING,GALM,ENSG00000143891,0.05192568223878476,0.23855566661487532,0.3275799039672
HALLMARK_ESTROGEN_RESPONSE_LATE,IDH2,ENSG00000182054,-0.05187740070546662,0.23899312059863811,0.3275799039672
HALLMARK_INTERFERON_GAMMA_RESPONSE,TRIM21,ENSG00000132109,0.051621944033349465,0.24131707205345074,0.3298855719028555
HALLMARK_ALLOGRAFT_REJECTION,CCR1,ENSG00000163823,0.05150722258058974,0.2423658658734923,0.3299883737875149
HALLMARK_ESTROGEN_RESPONSE_EARLY,IGFBP4,ENSG00000141753,-0.0514733355432129,0.2426762748865382,0.3299883737875149
HALLMARK_EPITHELIAL_MESENCHYMAL_TRANSITION,FAP,ENSG00000078098,-0.050855688163477276,0.24838287771044384,0.33685698982366263
HALLMARK_IL2_STAT5_SIGNALING,CD79B,ENSG00000007312,-0.05076165119572188,0.24925985265520115,0.33715674806519313
HALLMARK_EPITHELIAL_MESENCHYMAL_TRANSITION,GPX7,ENSG00000116157,-0.05039396749787875,0.25270952133671154,0.34092570595031424
HALLMARK_XENOBIOTIC_METABOLISM,CNDP2,ENSG00000133313,0.05020004300628329,0.25454225289549315,0.3424992617494332
HALLMARK_HYPOXIA,MAP3K1,ENSG00000095015,0.04974944276060084,0.25883629959055415,0.347367775429621
HALLMARK_BILE_ACID_METABOLISM,ABCD3,ENSG00000117528,-0.04967885189830367,0.2595135112561968,0.34736964787938845
HALLMARK_HYPOXIA,PLAC8,ENSG00000145287,0.04937070101070121,0.26248407050379235,0.3504332785427254
HALLMARK_TNFA_SIGNALING_VIA_NFKB,IL7R,ENSG00000168685,0.04925554700377888,0.2636001360330022,0.3510115801061221
HALLMARK_DNA_REPAIR,PCNA,ENSG00000132646,0.04916702739274176,0.26446027877839406,0.3512469852508903
HALLMARK_IL6_JAK_STAT3_SIGNALING,STAT1,ENSG00000115415,0.04883805514411392,0.2676737902491833,0.35459878398989747
HALLMARK_PEROXISOME,ABCD3,ENSG00000117528,-0.04867632399943698,0.2692634067977891,0.3557876377739424
HALLMARK_EPITHELIAL_MESENCHYMAL_TRANSITION,SDC1,ENSG00000115884,0.04857181143646078,0.27029406511080917,0.35623371658193825
HALLMARK_INTERFERON_ALPHA_RESPONSE,TAP1,ENSG00000168394,0.04820395938861041,0.27394309997917443,0.3601195738856666
HALLMARK_E2F_TARGETS,BRCA1,ENSG00000012048,0.047797563134443895,0.27801334849449577,0.3645379110361501
HALLMARK_MYOGENESIS,LDB3,ENSG00000122367,0.047637244986086034,0.27963024403269576,0.36572505199187183
HALLMARK_KRAS_SIGNALING_UP,PEG3,ENSG00000198300,-0.04743174929476607,0.28171208334472314,0.3675127178659586
HALLMARK_MYC_TARGETS_V1,PSMD1,ENSG00000173692,-0.04654367278036667,0.29082937842725676,0.37844633040913916
HALLMARK_FATTY_ACID_METABOLISM,ENO2,ENSG00000111674,-0.04548818047794141,0.3019201150816771,0.3918862099797526
HALLMARK_KRAS_SIGNALING_UP,EPHB2,ENSG00000133216,0.045258762616463374,0.3043674075766854,0.3940676259305196
HALLMARK_KRAS_SIGNALING_UP,IL7R,ENSG00000168685,0.04438294374386885,0.31383058070744585,0.40529879015986725
HALLMARK_GLYCOLYSIS,NT5E,ENSG00000135318,0.044108730657039505,0.3168326930978511,0.4081503865972318
HALLMARK_IL2_STAT5_SIGNALING,SWAP70,ENSG00000133789,-0.04389007195222887,0.3192400072997882,0.4102234093802278
HALLMARK_G2M_CHECKPOINT,CUL1,ENSG00000055130,0.042966996758560694,0.32953374820035364,0.4223948792393561
HALLMARK_WNT_BETA_CATENIN_SIGNALING,CUL1,ENSG00000055130,-0.04161596002854948,0.3449820157238117,0.4410964081642767
HALLMARK_IL2_STAT5_SIGNALING,IL1R2,ENSG00000115590,-0.04153280261762391,0.3459476800668382,0.44123351750460255
HALLMARK_KRAS_SIGNALING_UP,CXCL10,ENSG00000169245,0.04121613098121931,0.34964072618023356,0.4448399338035645
HALLMARK_MITOTIC_SPINDLE,BRCA2,ENSG00000139618,0.04098796537739772,0.35231701466392706,0.44713813712903333
HALLMARK_IL2_STAT5_SIGNALING,TLR7,ENSG00000196664,0.04070333024745877,0.3556737394978391,0.45028645837903764
HALLMARK_INTERFERON_GAMMA_RESPONSE,PSMB2,ENSG00000126067,0.04053576734001075,0.3576591963042659,0.4516875353818001
HALLMARK_COMPLEMENT,DOCK9,ENSG00000088387,-0.04009604763509327,0.3629024433585003,0.4571859212898754
HALLMARK_ALLOGRAFT_REJECTION,CD40,ENSG00000101017,0.03970364655951726,0.36762175247631335,0.46176288867512405
HALLMARK_EPITHELIAL_MESENCHYMAL_TRANSITION,GADD45B,ENSG00000099860,0.03954192372293795,0.3695777939357421,0.46176288867512405
HALLMARK_MTORC1_SIGNALING,PSMD14,ENSG00000115233,0.03952368998124061,0.3697987353824782,0.46176288867512405
HALLMARK_KRAS_SIGNALING_UP,BIRC3,ENSG00000023445,0.03949644599204894,0.37012900804309556,0.46176288867512405
HALLMARK_UV_RESPONSE_UP,ENO2,ENSG00000111674,0.03935239196990027,0.3718783776039495,0.46282200021411635
HALLMARK_HYPOXIA,LARGE1,ENSG00000133424,0.03851588368459573,0.3821375230095463,0.4733097837012869
HALLMARK_ANDROGEN_RESPONSE,PMEPA1,ENSG00000124225,-0.038515117011742185,0.38214700435026083,0.4733097837012869
HALLMARK_COAGULATION,LEFTY2,ENSG00000143768,0.037941339029641516,0.3892831266241219,0.4809892477999968
HALLMARK_G2M_CHECKPOINT,MCM6,ENSG00000076003,0.03776719344929522,0.3914648797102307,0.48252505556608777
HALLMARK_GLYCOLYSIS,ENO2,ENSG00000111674,-0.03740703578037429,0.39600047052087206,0.4869479470041346
HALLMARK_SPERMATOGENESIS,STAM2,ENSG00000115145,0.03715061758643316,0.3992488358304245,0.48977064825021044
HALLMARK_MTORC1_SIGNALING,GGA2,ENSG00000103365,-0.0364619694227587,0.40805156493837436,0.49937739137696296
HALLMARK_ANDROGEN_RESPONSE,SCD,ENSG00000099194,0.0363719622656927,0.4092105511077926,0.4996062310437183
HALLMARK_HYPOXIA,ISG20,ENSG00000172183,0.036290345223098944,0.41026318754722546,0.49970445118311346
HALLMARK_UV_RESPONSE_DN,CAP2,ENSG00000112186,0.03620852037373353,0.4113201130174985,0.4998074186548327
HALLMARK_MYOGENESIS,GADD45B,ENSG00000099860,-0.036118140135388395,0.4124894187732817,0.5000461350223273
HALLMARK_ADIPOGENESIS,CD302,ENSG00000241399,-0.03521764626439418,0.42424657378573616,0.5127365795903259
HALLMARK_EPITHELIAL_MESENCHYMAL_TRANSITION,ENO2,ENSG00000111674,-0.035164017025001985,0.4249528850301144,0.5127365795903259
HALLMARK_SPERMATOGENESIS,AGFG1,ENSG00000173744,-0.0348155858900944,0.4295584678215679,0.5170797481505525
HALLMARK_HEDGEHOG_SIGNALING,NRCAM,ENSG00000091129,0.03459817375042037,0.4324468253280769,0.5193403463052138
HALLMARK_ESTROGEN_RESPONSE_LATE,CISH,ENSG00000114737,-0.034162223501910026,0.43827215782411066,0.5251092986517317
HALLMARK_ESTROGEN_RESPONSE_LATE,TSPAN13,ENSG00000106537,0.033866662379058374,0.4422470137559986,0.5286394536525193
HALLMARK_GLYCOLYSIS,AGRN,ENSG00000188157,-0.03288968681400206,0.45553124396335587,0.5432553582300811
HALLMARK_ALLOGRAFT_REJECTION,CD40LG,ENSG00000102245,-0.03278515124829897,0.45696578714649405,0.5437046634104119
HALLMARK_IL2_STAT5_SIGNALING,GADD45B,ENSG00000099860,0.03266263076090391,0.45865035408131194,0.5444486882166151
HALLMARK_ALLOGRAFT_REJECTION,TAP1,ENSG00000168394,0.032404250158915154,0.4622142514172557,0.5474150350886393
HALLMARK_ESTROGEN_RESPONSE_EARLY,FKBP5,ENSG00000096060,-0.03228793794619812,0.46382358572082927,0.5480582139321983
HALLMARK_HYPOXIA,IDS,ENSG00000010404,0.03190225540236866,0.4691822185663781,0.5531184870255007
HALLMARK_PEROXISOME,ABCB4,ENSG00000005471,-0.030790968190113583,0.4848115461058806,0.5702360061748801
HALLMARK_ESTROGEN_RESPONSE_LATE,NMU,ENSG00000109255,-0.030138918959665754,0.4941113675252268,0.5798475865478689
HALLMARK_BILE_ACID_METABOLISM,TFCP2L1,ENSG00000115112,-0.02987566833143636,0.497892754288197,0.5829541587793469
HALLMARK_ADIPOGENESIS,ATP1B3,ENSG00000069849,0.02915218834456961,0.5083635574160366,0.5938610647996427
HALLMARK_IL2_STAT5_SIGNALING,CD83,ENSG00000112149,0.028848988423350597,0.5127857102091871,0.597668605549937
HALLMARK_ANDROGEN_RESPONSE,CENPN,ENSG00000166451,-0.028632030177977184,0.5159622574571472,0.6000104079931531
HALLMARK_GLYCOLYSIS,ISG20,ENSG00000172183,-0.028546308292445276,0.5172201350751451,0.6001154614641638
HALLMARK_ESTROGEN_RESPONSE_LATE,ISG20,ENSG00000172183,-0.028466778859398887,0.51838855920137,0.6001164852015859
HALLMARK_PANCREAS_BETA_CELLS,FOXO1,ENSG00000150907,-0.028313434198506723,0.5206452901304028,0.6013745598360158
HALLMARK_EPITHELIAL_MESENCHYMAL_TRANSITION,NT5E,ENSG00000135318,0.02801184463576508,0.5250983772818213,0.6051582195579734
HALLMARK_APOPTOSIS,CASP8,ENSG00000064012,0.02791414803236999,0.5265450623324435,0.605467924024331
HALLMARK_ESTROGEN_RESPONSE_EARLY,NRIP1,ENSG00000180530,-0.0269618112779317,0.540752722561332,0.6204171861529568
HALLMARK_MTORC1_SIGNALING,PSMC2,ENSG00000161057,0.026842641063508723,0.5425439482729058,0.6210859452389167
HALLMARK_P53_PATHWAY,TAP1,ENSG00000168394,0.0258600833350146,0.5574240246051219,0.636702108104517
HALLMARK_IL2_STAT5_SIGNALING,TNFRSF9,ENSG00000049249,-0.025477118524501935,0.5632769098200385,0.641960824052106
HALLMARK_ALLOGRAFT_REJECTION,HLA-DOA,ENSG00000204252,0.02430948076218568,0.5813021531980018,0.6610382892561348
HALLMARK_GLYCOLYSIS,LDHA,ENSG00000134333,0.02383034724642315,0.5887757630119401,0.6675573636012366
HALLMARK_KRAS_SIGNALING_UP,TSPAN13,ENSG00000106537,0.023775609521725704,0.5896323795232713,0.6675573636012366
HALLMARK_SPERMATOGENESIS,SEPTIN4,ENSG00000108387,0.023340089919113835,0.596468349532081,0.6738125970538235
HALLMARK_MYC_TARGETS_V1,LDHA,ENSG00000134333,-0.022796477240666465,0.6050510798539708,0.6820093312389057
HALLMARK_MYC_TARGETS_V1,PSMD14,ENSG00000115233,-0.02138360469074489,0.6276116724322633,0.7049404356929224
HALLMARK_UV_RESPONSE_UP,NUP58,ENSG00000139496,0.021242692090368675,0.629881375978885,0.7049404356929224
HALLMARK_ALLOGRAFT_REJECTION,CD79A,ENSG00000105369,0.021224439870337054,0.6301756232865615,0.7049404356929224
HALLMARK_IL6_JAK_STAT3_SIGNALING,STAM2,ENSG00000115145,0.021179122859147397,0.6309064398254796,0.7049404356929224
HALLMARK_PEROXISOME,IDH2,ENSG00000182054,-0.021095743127752493,0.6322520250086328,0.7049404356929224
HALLMARK_IL2_STAT5_SIGNALING,CISH,ENSG00000114737,0.020784150729125647,0.637291241196755,0.7090209912881645
HALLMARK_E2F_TARGETS,PCNA,ENSG00000132646,0.019619730615585057,0.6562696733502265,0.7273503851258933
HALLMARK_KRAS_SIGNALING_DN,TFCP2L1,ENSG00000115112,-0.019599802238075344,0.6565964566117013,0.7273503851258933
HALLMARK_HYPOXIA,LDHA,ENSG00000134333,0.019104927695939494,0.6647322282199186,0.7347792802258886
HALLMARK_IL2_STAT5_SIGNALING,IL2RA,ENSG00000134460,0.018579853735703145,0.6734077273638626,0.7427716134442605
HALLMARK_HYPOXIA,ENO2,ENSG00000111674,0.01844247219733059,0.6756848323528779,0.7436873743669792
HALLMARK_ALLOGRAFT_REJECTION,BRCA1,ENSG00000012048,0.01815229456775916,0.6805042545291113,0.7473914248460753
HALLMARK_UNFOLDED_PROTEIN_RESPONSE,IFIT1,ENSG00000185745,0.017849415237922245,0.6855485442609361,0.7513261231345868
HALLMARK_PI3K_AKT_MTOR_SIGNALING,MAP2K6,ENSG00000108984,0.017279452864882767,0.695078794946926,0.7599775708838896
HALLMARK_MYC_TARGETS_V1,PCNA,ENSG00000132646,-0.01714684998781999,0.6973029999047273,0.7599775708838896
HALLMARK_UV_RESPONSE_UP,TAP1,ENSG00000168394,0.017112580700378254,0.6978782362980465,0.7599775708838896
HALLMARK_OXIDATIVE_PHOSPHORYLATION,LDHA,ENSG00000134333,0.016877010641280714,0.7018371311571617,0.7626729078536599
HALLMARK_FATTY_ACID_METABOLISM,CBR1,ENSG00000159228,0.01671223256058986,0.704611136003655,0.7640719913626133
HALLMARK_COAGULATION,PROZ,ENSG00000126231,0.016257398907121183,0.7122884227700812,0.7707710511659405
HALLMARK_COAGULATION,SERPING1,ENSG00000149131,0.016148765957416586,0.7141264183308196,0.7711365105505068
HALLMARK_UV_RESPONSE_UP,ATP6V1C1,ENSG00000155097,-0.015685294146887113,0.7219865233442946,0.777989670857374
HALLMARK_P53_PATHWAY,TRAFD1,ENSG00000135148,0.015231670221140726,0.7297080666519555,0.784665159537877
HALLMARK_COAGULATION,C2,ENSG00000166278,0.014673073584917588,0.7392540465217129,0.7922298505700741
HALLMARK_EPITHELIAL_MESENCHYMAL_TRANSITION,CAP2,ENSG00000112186,-0.014639707048714224,0.7398255413883961,0.7922298505700741
HALLMARK_MITOTIC_SPINDLE,WASF1,ENSG00000112290,0.014479175257700493,0.7425770929057438,0.7933536334896726
HALLMARK_MITOTIC_SPINDLE,SORBS2,ENSG00000154556,-0.01439845101623412,0.7439619675914828,0.7933536334896726
HALLMARK_ESTROGEN_RESPONSE_EARLY,TGIF2,ENSG00000118707,-0.013763729633804204,0.7548794637734058,0.8033292844296699
HALLMARK_APICAL_JUNCTION,PLCG1,ENSG00000124181,0.013111712027765095,0.7661455129907522,0.8136338712339806
HALLMARK_E2F_TARGETS,MCM6,ENSG00000076003,0.012613584799538242,0.7747860194281619,0.8211134308991243
HALLMARK_OXIDATIVE_PHOSPHORYLATION,IDH2,ENSG00000182054,0.012340540995107393,0.7795341352436591,0.8244455669037876
HALLMARK_MYOGENESIS,DAPK2,ENSG00000035664,-0.01209150413525402,0.7838719487177461,0.8273309684618512
HALLMARK_DNA_REPAIR,POLB,ENSG00000070501,0.010973551726311133,0.803425638438048,0.8462311027810588
HALLMARK_EPITHELIAL_MESENCHYMAL_TRANSITION,IGFBP4,ENSG00000141753,-0.010870656982299394,0.8052317160273664,0.8463989816729373
HALLMARK_APICAL_JUNCTION,NEXN,ENSG00000162614,0.010261381355636381,0.8159470650291204,0.8559118192346282
HALLMARK_HEME_METABOLISM,BLVRA,ENSG00000106605,-0.009600260631462552,0.8276130971851108,0.8663811241408288
HALLMARK_UV_RESPONSE_UP,DDX21,ENSG00000165732,0.009230020195586764,0.8341630823786226,0.871463057606935
HALLMARK_APOPTOSIS,ENO2,ENSG00000111674,0.008918276890103173,0.8396871163138843,0.8754547216741105
HALLMARK_MYOGENESIS,MEF2C,ENSG00000081189,-0.007660521961284323,0.8620516542932297,0.893578155003175
HALLMARK_MITOTIC_SPINDLE,TUBA4A,ENSG00000127824,-0.007602246673803885,0.8630906877795177,0.893578155003175
HALLMARK_ALLOGRAFT_REJECTION,JAK2,ENSG00000096968,0.007552071038557056,0.8639854958246478,0.893578155003175
HALLMARK_KRAS_SIGNALING_DN,TCL1A,ENSG00000100721,-0.007549911399938946,0.8640240136898405,0.893578155003175
HALLMARK_ESTROGEN_RESPONSE_EARLY,CISH,ENSG00000114737,0.006960052615318338,0.8745560967978744,0.9026542846468021
HALLMARK_PI3K_AKT_MTOR_SIGNALING,MAPK1,ENSG00000100030,-0.006832505233641882,0.8768364717274042,0.903194281498769
HALLMARK_P53_PATHWAY,ADA,ENSG00000196839,0.0062129359326365315,0.8879277012682607,0.9109769071513727
HALLMARK_ALLOGRAFT_REJECTION,IRF4,ENSG00000137265,0.006212437382841313,0.8879366351806182,0.9109769071513727
HALLMARK_IL2_STAT5_SIGNALING,IRF4,ENSG00000137265,0.00595797414317563,0.8924983933239398,0.9138330162719224
HALLMARK_ANDROGEN_RESPONSE,ACSL3,ENSG00000123983,-0.005383683649088981,0.9028065043847342,0.9225497877808218
HALLMARK_HYPOXIA,MT2A,ENSG00000125148,0.004912506586374573,0.9112760983869616,0.9293569733549567
HALLMARK_EPITHELIAL_MESENCHYMAL_TRANSITION,COL16A1,ENSG00000084636,-0.004288614223673955,0.9225061356819264,0.9389468390901192
HALLMARK_NOTCH_SIGNALING,SAP30,ENSG00000164105,0.0038848545935151373,0.9297821534950598,0.9426661738394072
HALLMARK_TGF_BETA_SIGNALING,PMEPA1,ENSG00000124225,0.003882294486355341,0.9298283076587148,0.9426661738394072
HALLMARK_MYC_TARGETS_V1,KPNA2,ENSG00000182481,0.003080907545062354,0.944286662648986,0.9554396547275172
HALLMARK_UV_RESPONSE_UP,PTPRD,ENSG00000153707,-0.00243305692569134,0.9559885827364389,0.9653794332544787
HALLMARK_COMPLEMENT,TFPI2,ENSG00000105825,0.0012941337008056373,0.9765819992428676,0.984241465903596
HALLMARK_APOPTOSIS,BIRC3,ENSG00000023445,-9.76862967621541e-4,0.982322083958533,0.988089141202908
HALLMARK_MTORC1_SIGNALING,LDHA,ENSG00000134333,7.224365082733268e-4,0.9869258591618246,0.9889283242981771
HALLMARK_MYOGENESIS,LARGE1,ENSG00000133424,-7.180995592521344e-4,0.9870043392314491,0.9889283242981771
HALLMARK_MYC_TARGETS_V1,CCT5,ENSG00000150753,9.94123005350892e-6,0.9998200826797361,0.9998200826797361
