"gene","mean_target","mean_ref","estimate","levene_p","variances_equal","p_val","padj","symbol","description"
"ENSG00000137959",2.45945945945946,26.1704545454545,-23.7109950859951,2.19245822392572e-21,FALSE,2.47454485366633e-27,4.44502492064082e-23,"IFI44L","interferon induced protein 44 like"
"ENSG00000137965",2.97297297297297,28.9659090909091,-25.9929361179361,6.11587808447845e-19,FALSE,1.7260604072191e-25,1.55026115474383e-21,"IFI44","interferon induced protein 44"
"ENSG00000132530",3.91891891891892,44.9431818181818,-41.0242628992629,3.78822673727502e-18,FALSE,2.47281838385666e-24,1.4806412209739e-20,"XAF1","XIAP associated factor 1"
"ENSG00000134326",0.77027027027027,6.59090909090909,-5.82063882063882,3.12210782131296e-16,FALSE,5.07317158639584e-24,2.27823453016071e-20,"CMPK2","cytidine/uridine monophosphate kinase 2"
"ENSG00000111331",0.445945945945946,5.60795454545455,-5.1620085995086,4.08062381522599e-16,FALSE,4.74967204856357e-23,1.70636718016695e-19,"OAS3","2'-5'-oligoadenylate synthetase 3"
"ENSG00000134321",1.32432432432432,8.64204545454546,-7.31772113022113,1.79618383204942e-15,FALSE,8.64090868573766e-23,2.58694404536509e-19,"RSAD2","radical S-adenosyl methionine domain containing 2"
"ENSG00000157601",8.68918918918919,51.4318181818182,-42.742628992629,1.69566821651456e-15,FALSE,1.46206274409136e-22,3.75186186744473e-19,"MX1","MX dynamin like GTPase 1"
"ENSG00000088827",5.7027027027027,42.7727272727273,-37.0700245700246,1.19803166475232e-14,FALSE,1.33577517140163e-21,2.99931617548592e-18,"SIGLEC1","sialic acid binding Ig like lectin 1"
"ENSG00000184979",1.54054054054054,23.1306818181818,-21.5901412776413,6.93137491365971e-17,FALSE,2.53883790575747e-21,5.06723836679127e-18,"USP18","ubiquitin specific peptidase 18"
"ENSG00000137628",4.25675675675676,46.8295454545455,-42.5727886977887,3.27682341447273e-15,FALSE,4.79628933014986e-21,8.61557452374819e-18,"DDX60","DExD/H-box helicase 60"
"ENSG00000115267",3.97297297297297,42.3920454545455,-38.4190724815725,1.02259005546848e-14,FALSE,6.82373193088814e-20,1.11431542431403e-16,"IFIH1","interferon induced with helicase C domain 1"
"ENSG00000138646",1.41891891891892,11.7215909090909,-10.302671990172,6.80784778819963e-12,FALSE,1.42224482998658e-19,2.12898199008742e-16,"HERC5","HECT and RLD domain containing E3 ubiquitin protein ligase 5"
"ENSG00000165949",1.63513513513514,34.4715909090909,-32.8364557739558,1.30034012654606e-11,FALSE,3.1421502062601e-19,4.3417264734654e-16,"IFI27","interferon alpha inducible protein 27"
"ENSG00000138642",0.202702702702703,3.78977272727273,-3.58707002457002,3.41934808944892e-13,FALSE,5.69054832592713e-19,7.30137996990207e-16,"HERC6","HECT and RLD domain containing E3 ubiquitin protein ligase family member 6"
"ENSG00000111335",0.283783783783784,3.92045454545455,-3.63667076167076,9.51586153885534e-12,FALSE,7.14345590675559e-19,8.55452656353671e-16,"OAS2","2'-5'-oligoadenylate synthetase 2"
"ENSG00000141664",2.81081081081081,27.9772727272727,-25.1664619164619,1.82608906215889e-12,FALSE,9.92225758843346e-19,1.11395945663144e-15,"ZCCHC2","zinc finger CCHC-type containing 2"
"ENSG00000089127",0.405405405405405,4.25,-3.84459459459459,1.31249518578644e-12,FALSE,1.52807663420385e-18,1.61463768118845e-15,"OAS1","2'-5'-oligoadenylate synthetase 1"
"ENSG00000126709",6.45945945945946,29.9090909090909,-23.4496314496315,1.17415388042039e-10,FALSE,1.84889500055906e-18,1.84509449416903e-15,"IFI6","interferon alpha inducible protein 6"
"ENSG00000152778",8.25675675675676,56.4715909090909,-48.2148341523341,6.24821934788813e-13,FALSE,2.14972316324804e-18,2.03239353586445e-15,"IFIT5","interferon induced protein with tetratricopeptide repeats 5"
"ENSG00000177409",2.82432432432432,36.7386363636364,-33.914312039312,9.12225161285316e-11,FALSE,4.14394823248391e-18,3.72188710500542e-15,"SAMD9L","sterile alpha motif domain containing 9 like"
"ENSG00000135114",19.4324324324324,129.039772727273,-109.60734029484,1.13726857846152e-11,FALSE,1.50769087477041e-17,1.25021898551158e-14,"OASL","2'-5'-oligoadenylate synthetase like"
"ENSG00000196141",0.283783783783784,5.25568181818182,-4.97189803439803,5.14411791865079e-10,FALSE,1.53119287876495e-17,1.25021898551158e-14,"SPATS2L","spermatogenesis associated serine rich 2 like"
"ENSG00000173821",5.18918918918919,55.5795454545455,-50.3903562653563,1.19096760798182e-11,FALSE,1.69956475393851e-17,1.32736007282598e-14,"RNF213","ring finger protein 213"
"ENSG00000188313",1.43243243243243,12.8238636363636,-11.3914312039312,2.26321112073889e-12,FALSE,2.001177161916e-17,1.49779772331238e-14,"PLSCR1","phospholipid scramblase 1"
"ENSG00000132274",1.16216216216216,17.5227272727273,-16.3605651105651,7.72729063722962e-10,FALSE,4.01716006204616e-17,2.88640984778141e-14,"TRIM22","tripartite motif containing 22"
"ENSG00000187608",24.9189189189189,147.517045454545,-122.598126535627,4.42050411506707e-11,FALSE,2.66277093073825e-16,1.83966747034043e-13,"ISG15","ISG15 ubiquitin like modifier"
"ENSG00000173193",0.256756756756757,4.09659090909091,-3.83983415233415,1.87115023104768e-09,FALSE,5.37156401897288e-16,3.57368164714111e-13,"PARP14","poly(ADP-ribose) polymerase family member 14"
"ENSG00000059378",0.445945945945946,4.88068181818182,-4.43473587223587,4.61355026973321e-10,FALSE,6.71627152034543e-16,4.30872804714161e-13,"PARP12","poly(ADP-ribose) polymerase family member 12"
"ENSG00000115155",0.337837837837838,4.36931818181818,-4.03148034398034,5.90471104294971e-10,FALSE,7.35433520188074e-16,4.55537666315116e-13,"OTOF","otoferlin"
"ENSG00000119917",13.5945945945946,62.7613636363636,-49.166769041769,3.04436592137074e-10,FALSE,8.98921350238029e-16,5.32252371925956e-13,"IFIT3","interferon induced protein with tetratricopeptide repeats 3"
"ENSG00000138035",2.02702702702703,19.0397727272727,-17.0127457002457,1.3914577340009e-09,FALSE,9.18544983004211e-16,5.32252371925956e-13,"PNPT1","polyribonucleotide nucleotidyltransferase 1"
"ENSG00000078081",1.82432432432432,11.6534090909091,-9.82908476658477,3.98877151760391e-10,FALSE,1.41326245694716e-15,7.9332604731693e-13,"LAMP3","lysosomal associated membrane protein 3"
"ENSG00000002549",2.35135135135135,19.9034090909091,-17.5520577395577,8.77033412232e-09,FALSE,4.92535721370128e-15,2.6392338659441e-12,"LAP3","leucine aminopeptidase 3"
"ENSG00000136514",0.175675675675676,1.85227272727273,-1.67659705159705,3.17023286088627e-11,FALSE,4.99548802772919e-15,2.6392338659441e-12,"RTP4","receptor transporter protein 4"
"ENSG00000170581",3.36486486486486,29.0056818181818,-25.6408169533169,4.46104431008117e-09,FALSE,8.93161590506909e-15,4.58396047150732e-12,"STAT2","signal transducer and activator of transcription 2"
"ENSG00000185745",18.0540540540541,65.7386363636364,-47.6845823095823,1.86095525187776e-09,FALSE,9.52545313142566e-15,4.75293651666109e-12,"IFIT1","interferon induced protein with tetratricopeptide repeats 1"
"ENSG00000132256",2.35135135135135,17.6647727272727,-15.3134213759214,2.17992050246691e-08,FALSE,3.36301459917247e-14,1.632698141755e-11,"TRIM5","tripartite motif containing 5"
"ENSG00000068079",7.68918918918919,47.8522727272727,-40.1630835380835,5.71300755671747e-10,FALSE,4.01120800311144e-14,1.89614024631291e-11,"IFI35","interferon induced protein 35"
"ENSG00000163840",1.36486486486486,11.6306818181818,-10.265816953317,2.50985028917617e-08,FALSE,6.07907302892304e-14,2.79995868765499e-11,"DTX3L","deltex E3 ubiquitin ligase 3L"
"ENSG00000133106",0.0540540540540541,0.710227272727273,-0.656173218673219,1.27976889751913e-07,FALSE,6.82532795404159e-14,3.06508415096123e-11,"EPSTI1","epithelial stromal interaction 1"
"ENSG00000138496",0.459459459459459,3.51704545454545,-3.05758599508599,6.35013219424559e-08,FALSE,1.6159274742603e-13,7.07973298052142e-11,"PARP9","poly(ADP-ribose) polymerase family member 9"
"ENSG00000188157",6.78378378378378,35.3295454545455,-28.5457616707617,2.72132110025474e-09,FALSE,1.83251266347006e-13,7.83748213664587e-11,"AGRN","agrin"
"ENSG00000108771",4.47297297297297,31.0340909090909,-26.5611179361179,3.88324015121323e-08,FALSE,1.9470371381435e-13,8.13363444476085e-11,"DHX58","DExH-box helicase 58"
"ENSG00000137200",1.64864864864865,13.1079545454545,-11.4593058968059,1.15201228008409e-08,FALSE,3.99473774579641e-13,1.63085168472139e-10,"CMTR1","cap methyltransferase 1"
"ENSG00000163565",5.7027027027027,40.5397727272727,-34.83707002457,8.90303480932032e-08,FALSE,7.49204152214367e-13,2.99065648582815e-10,"IFI16","interferon gamma inducible protein 16"
"ENSG00000055332",4.93243243243243,23.1363636363636,-18.2039312039312,3.71389393960645e-08,FALSE,9.92023472557223e-13,3.87385166033596e-10,"EIF2AK2","eukaryotic translation initiation factor 2 alpha kinase 2"
"ENSG00000124256",0.310810810810811,2.52840909090909,-2.21759828009828,5.27793135464892e-09,FALSE,1.45237127473654e-12,5.55083940597713e-10,"ZBP1","Z-DNA binding protein 1"
"ENSG00000107201",9.51351351351351,54.5113636363636,-44.9978501228501,1.8998468729346e-07,FALSE,1.97090552340371e-12,7.37570331602102e-10,"RIGI","RNA sensor RIG-I"
"ENSG00000136147",6.24324324324324,37.4147727272727,-31.1715294840295,2.81443904584947e-07,FALSE,2.79909008363613e-12,1.02612357494604e-09,"PHF11","PHD finger protein 11"
"ENSG00000196116",2.43243243243243,14.0795454545455,-11.647113022113,1.16995340730218e-07,FALSE,3.57407618996042e-12,1.28402261200518e-09,"TDRD7","tudor domain containing 7"
"ENSG00000119922",13.1081081081081,56.3352272727273,-43.2271191646192,1.06073808728711e-08,FALSE,6.35236834497604e-12,2.23740377609421e-09,"IFIT2","interferon induced protein with tetratricopeptide repeats 2"
"ENSG00000173786",2.13513513513514,12.0340909090909,-9.89895577395577,4.47605433542724e-07,FALSE,7.79503799539109e-12,2.69273591367712e-09,"CNP","2',3'-cyclic nucleotide 3' phosphodiesterase"
"ENSG00000185722",9.59459459459459,69.0738636363636,-59.479269041769,8.31670025044179e-07,FALSE,1.47308646997489e-11,4.99265136984131e-09,"ANKFY1","ankyrin repeat and FYVE domain containing 1"
"ENSG00000136816",0.378378378378378,3.11931818181818,-2.7409398034398,1.77017050428729e-07,FALSE,1.55528075970348e-11,5.17361264565808e-09,"TOR1B","torsin family 1 member B"
"ENSG00000155363",4.39189189189189,34.6534090909091,-30.2615171990172,2.60759364555323e-07,FALSE,1.85406238573806e-11,6.0553677518205e-09,"MOV10","Mov10 RNA helicase"
"ENSG00000020577",2.17567567567568,13.6306818181818,-11.4550061425061,1.39941179580955e-06,FALSE,2.80126755450327e-11,8.98556590741824e-09,"SAMD4A","sterile alpha motif domain containing 4A"
"ENSG00000130487",0.0945945945945946,1.32386363636364,-1.22926904176904,5.52326995799511e-06,FALSE,3.66242339091147e-11,1.15417739247268e-08,"KLHDC7B","kelch domain containing 7B"
"ENSG00000108679",7.52702702702703,35.9772727272727,-28.4502457002457,7.49743961825259e-07,FALSE,4.49325434330887e-11,1.39159185808375e-08,"LGALS3BP","galectin 3 binding protein"
"ENSG00000205413",5.16216216216216,28.3181818181818,-23.1560196560197,1.13116688916445e-06,FALSE,5.22780784542735e-11,1.59164597165104e-08,"SAMD9","sterile alpha motif domain containing 9"
"ENSG00000130303",0.27027027027027,2.03977272727273,-1.76950245700246,6.03962905874989e-06,FALSE,8.64962036610424e-11,2.58955217727217e-08,"BST2","bone marrow stromal cell antigen 2"
"ENSG00000172432",0.324324324324324,3.13068181818182,-2.80635749385749,7.44853185094373e-06,FALSE,9.79759561794979e-11,2.8851509850038e-08,"GTPBP2","GTP binding protein 2"
"ENSG00000067066",6.75675675675676,32.1079545454545,-25.3511977886978,4.1012322386404e-07,FALSE,1.19448196251332e-10,3.46072249881076e-08,"SP100","SP100 nuclear antigen"
"ENSG00000179044",1.32432432432432,7.64204545454545,-6.31772113022113,4.84720512476327e-06,FALSE,3.44535047297171e-10,9.82362389618902e-08,"EXOC3L1","exocyst complex component 3 like 1"
"ENSG00000112343",2.09459459459459,13.4488636363636,-11.354269041769,5.70332566869118e-06,FALSE,3.90561648782211e-10,1.09619670266795e-07,"TRIM38","tripartite motif containing 38"
"ENSG00000084628",0,1.77840909090909,-1.77840909090909,2.71185748674057e-05,FALSE,4.649671288006e-10,1.28495454379157e-07,"NKAIN1","sodium/potassium transporting ATPase interacting 1"
"ENSG00000169245",0.27027027027027,1.54545454545455,-1.27518427518428,8.19329434777404e-06,FALSE,6.18701919865994e-10,1.68390039190195e-07,"CXCL10","C-X-C motif chemokine ligand 10"
"ENSG00000185697",5.2027027027027,28.3579545454545,-23.1552518427518,1.91847709140042e-05,FALSE,9.5266502647092e-10,2.55413759261151e-07,"MYBL1","MYB proto-oncogene like 1"
"ENSG00000148660",7.82432432432432,34.7215909090909,-26.8972665847666,7.89808175047133e-06,FALSE,1.07822025530492e-09,2.84824565382974e-07,"CAMK2G","calcium/calmodulin dependent protein kinase II gamma"
"ENSG00000165185",0.567567567567568,2.44886363636364,-1.88129606879607,1.31486494044894e-07,FALSE,1.11020161409442e-09,2.89022486869247e-07,"KIAA1958","KIAA1958"
"ENSG00000149131",2.78378378378378,9.41477272727273,-6.63098894348894,3.96818732864479e-06,FALSE,1.26565077210361e-09,3.24784068847101e-07,"SERPING1","serpin family G member 1"
"ENSG00000106785",7.06756756756757,34.6477272727273,-27.5801597051597,8.80690630729537e-07,FALSE,1.40008675445343e-09,3.54221948876717e-07,"TRIM14","tripartite motif containing 14"
"ENSG00000160710",2.27027027027027,11.1704545454545,-8.90018427518427,7.77466499875121e-06,FALSE,1.67084504745795e-09,4.16852633159544e-07,"ADAR","adenosine deaminase RNA specific"
"ENSG00000023171",1.2027027027027,6.64772727272727,-5.44502457002457,7.09925954119606e-06,FALSE,1.80901016424524e-09,4.45140405210099e-07,"GRAMD1B","GRAM domain containing 1B"
"ENSG00000173198",1.60810810810811,6.75,-5.14189189189189,1.12740534326901e-05,FALSE,2.01588131603012e-09,4.89341568646609e-07,"CYSLTR1","cysteinyl leukotriene receptor 1"
"ENSG00000133216",21.5540540540541,82.7727272727273,-61.2186732186732,1.9479254660195e-06,FALSE,3.43288873280304e-09,8.22199737431214e-07,"EPHB2","EPH receptor B2"
"ENSG00000125148",0.716216216216216,4.07954545454545,-3.36332923832924,1.71753038450064e-05,FALSE,4.50920865876642e-09,1.06577519917659e-06,"MT2A","metallothionein 2A"
"ENSG00000166889",4.63513513513514,23.5397727272727,-18.9046375921376,2.68876415999297e-05,FALSE,5.61864107915298e-09,1.31074869746526e-06,"PATL1","PAT1 homolog 1, processing body mRNA decay factor"
"ENSG00000134716",6.51351351351351,30.2954545454545,-23.781941031941,2.58497402519655e-05,FALSE,6.07524503610985e-09,1.39909777671335e-06,"CYP2J2","cytochrome P450 family 2 subfamily J member 2"
"ENSG00000178607",9.81081081081081,58.1875,-48.3766891891892,6.46020216512921e-05,FALSE,1.01108332595451e-08,2.29899870685075e-06,"ERN1","endoplasmic reticulum to nucleus signaling 1"
"ENSG00000123130",1.59459459459459,8.01136363636364,-6.41676904176904,1.00299097458608e-05,FALSE,1.14518997221955e-08,2.57138093387248e-06,"ACOT9","acyl-CoA thioesterase 9"
"ENSG00000100129",3.2027027027027,15.2272727272727,-12.02457002457,4.05873209290912e-05,FALSE,1.21750999534735e-08,2.69794716539822e-06,"EIF3L","eukaryotic translation initiation factor 3 subunit L"
"ENSG00000121858",0.256756756756757,1.70454545454545,-1.4477886977887,7.46994253485736e-05,FALSE,1.23159643468605e-08,2.69794716539822e-06,"TNFSF10","TNF superfamily member 10"
"ENSG00000121380",1.91891891891892,9.98863636363636,-8.06971744471744,2.6600458112788e-05,FALSE,1.50008059195903e-08,3.24649971968193e-06,"BCL2L14","BCL2 like 14"
"ENSG00000183486",8.25675675675676,29.5568181818182,-21.3000614250614,7.43568271757845e-06,FALSE,1.88701872369129e-08,4.03529968257937e-06,"MX2","MX dynamin like GTPase 2"
"ENSG00000177294",2.66216216216216,8.85227272727273,-6.19011056511056,8.94378033683576e-06,FALSE,2.228923570191e-08,4.71037106956953e-06,"FBXO39","F-box protein 39"
"ENSG00000135148",6.12162162162162,28.7670454545455,-22.6454238329238,8.2138406707249e-05,FALSE,2.67888080325712e-08,5.59543440336135e-06,"TRAFD1","TRAF-type zinc finger domain containing 1"
"ENSG00000162614",1.18918918918919,5.39204545454545,-4.20285626535626,3.84815770020695e-05,FALSE,2.88970151444961e-08,5.96640325334004e-06,"NEXN","nexilin F-actin binding protein"
"ENSG00000137752",7.22972972972973,28.2045454545455,-20.9748157248157,4.24020625364679e-05,FALSE,3.22644547787385e-08,6.58598183171e-06,"CASP1","caspase 1"
"ENSG00000110079",0.972972972972973,4.60227272727273,-3.62929975429975,4.38381521422562e-05,FALSE,3.5356178431255e-08,7.13598913663633e-06,"MS4A4A","membrane spanning 4-domains A4A"
"ENSG00000168961",8.24324324324324,34.6306818181818,-26.3874385749386,1.45034423748654e-05,FALSE,3.67082864618261e-08,7.32656610793091e-06,"LGALS9","galectin 9"
"ENSG00000100439",1.94594594594595,9.15340909090909,-7.20746314496315,8.67864749657838e-05,FALSE,3.87683911741633e-08,7.65271000726919e-06,"ABHD4","abhydrolase domain containing 4, N-acyl phospholipase B"
"ENSG00000112983",8.33783783783784,34.6761363636364,-26.3382985257985,0.000119289096329165,FALSE,4.48459596549176e-08,8.75617362262267e-06,"BRD8","bromodomain containing 8"
"ENSG00000116663",2.10810810810811,8.84090909090909,-6.73280098280098,3.00896625459697e-05,FALSE,5.17464533733916e-08,9.99485528974445e-06,"FBXO6","F-box protein 6"
"ENSG00000204267",4.33783783783784,19.5738636363636,-15.2360257985258,9.59168222845869e-05,FALSE,6.05448687784755e-08,1.15698667858272e-05,"TAP2","transporter 2, ATP binding cassette subfamily B member"
"ENSG00000100226",0.594594594594595,3.35227272727273,-2.75767813267813,0.000179002531664875,FALSE,6.71387131687016e-08,1.26948705752567e-05,"GTPBP1","GTP binding protein 1"
"ENSG00000013374",1.5,6.29545454545455,-4.79545454545455,4.29324058677792e-05,FALSE,6.78925393489788e-08,1.27036842117261e-05,"NUB1","negative regulator of ubiquitin like proteins 1"
"ENSG00000135899",3.82432432432432,13.3068181818182,-9.48249385749386,4.00705601586511e-05,FALSE,8.1998798881731e-08,1.51849940650777e-05,"SP110","SP110 nuclear body protein"
"ENSG00000108691",2.45945945945946,9.36363636363636,-6.9041769041769,9.59829955366401e-05,FALSE,8.54894901510731e-08,1.56698746079972e-05,"CCL2","C-C motif chemokine ligand 2"
"ENSG00000181374",0.310810810810811,4.84090909090909,-4.53009828009828,0.000182700689022636,FALSE,8.71990226680695e-08,1.58217782241064e-05,"CCL13","C-C motif chemokine ligand 13"
"ENSG00000114745",2.44594594594595,10.8693181818182,-8.42337223587224,6.61198883767644e-05,FALSE,9.22144475542419e-08,1.65644812141685e-05,"GORASP1","golgi reassembly stacking protein 1"
"ENSG00000162772",19.0945945945946,73.1988636363636,-54.104269041769,0.000108806773980717,FALSE,1.11159556114081e-07,1.9769892143339e-05,"ATF3","activating transcription factor 3"
"ENSG00000130813",1,3.92613636363636,-2.92613636363636,0.00011621241093912,FALSE,1.32005581087928e-07,2.32472181674751e-05,"SHFL","shiftless antiviral inhibitor of ribosomal frameshifting"
"ENSG00000140464",7.58108108108108,27.8522727272727,-20.2711916461916,4.85278170392564e-05,FALSE,1.41956109373412e-07,2.47568698317923e-05,"PML","PML nuclear body scaffold"
"ENSG00000106605",2.39189189189189,8.96590909090909,-6.5740171990172,2.90838718917843e-05,FALSE,1.58421931499415e-07,2.73628188031152e-05,"BLVRA","biliverdin reductase A"
"ENSG00000086065",2.40540540540541,11.4943181818182,-9.08891277641278,1.68930688946547e-05,FALSE,1.9222791309767e-07,3.28856190759376e-05,"CHMP5","charged multivesicular body protein 5"
"ENSG00000156587",15.8783783783784,50.9545454545455,-35.0761670761671,6.21667221523092e-05,FALSE,2.26515861010934e-07,3.83858906730133e-05,"UBE2L6","ubiquitin conjugating enzyme E2 L6"
"ENSG00000055130",22.2702702702703,85.0113636363636,-62.7410933660934,0.000126280967367266,FALSE,2.47051264669754e-07,4.14745968903065e-05,"CUL1","cullin 1"
"ENSG00000140443",28.2837837837838,101.465909090909,-73.1821253071253,0.000171575621500754,FALSE,2.8173150577137e-07,4.68587318349178e-05,"IGF1R","insulin like growth factor 1 receptor"
"ENSG00000121236",3.14864864864865,10.8125,-7.66385135135135,0.000162397447258431,FALSE,2.93329079506208e-07,4.83400940841285e-05,"TRIM6","tripartite motif containing 6"
"ENSG00000130589",10.1351351351351,36.7613636363636,-26.6262285012285,6.20899921681838e-05,FALSE,3.25991547296347e-07,5.32344196734935e-05,"HELZ2","helicase with zinc finger 2"
"ENSG00000163666",4.21621621621622,13.5056818181818,-9.2894656019656,0.00014209580315533,FALSE,3.7059761756705e-07,5.99733784176299e-05,"HESX1","HESX homeobox 1"
"ENSG00000160932",0,0.147727272727273,-0.147727272727273,0.000741779328954539,FALSE,3.89150987010338e-07,6.19497677424782e-05,"LY6E","lymphocyte antigen 6 family member E"
"ENSG00000142687",1.43243243243243,7.57386363636364,-6.1414312039312,0.000408331366403289,FALSE,3.89707941596617e-07,6.19497677424782e-05,"KIAA0319L","KIAA0319 like"
"ENSG00000120217",1.24324324324324,5.35227272727273,-4.10902948402948,0.000399449701460755,FALSE,4.08514867341245e-07,6.37063461282696e-05,"CD274","CD274 molecule"
"ENSG00000143891",0.851351351351351,3.63068181818182,-2.77933046683047,0.000167124183109133,FALSE,4.08666354011552e-07,6.37063461282696e-05,"GALM","galactose mutarotase"
"ENSG00000188290",2.68918918918919,9.28977272727273,-6.60058353808354,0.000145425542186051,FALSE,4.11397659125941e-07,6.37063461282696e-05,"HES4","hes family bHLH transcription factor 4"
"ENSG00000185482",1.10810810810811,4.18181818181818,-3.07371007371007,0.000188800644443599,FALSE,4.21775580370107e-07,6.47551688050277e-05,"STAC3","SH3 and cysteine rich domain 3"
"ENSG00000185507",11.6216216216216,40.2840909090909,-28.6624692874693,4.69155673331818e-05,FALSE,5.09097348688964e-07,7.74992853771175e-05,"IRF7","interferon regulatory factor 7"
"ENSG00000100918",12.3243243243243,34.6477272727273,-22.323402948403,0.000177473555624205,FALSE,7.19883920016638e-07,0.000108666175254276,"REC8","REC8 meiotic recombination protein"
"ENSG00000124201",0.689189189189189,2.40909090909091,-1.71990171990172,0.00036529611620654,FALSE,7.52644409054604e-07,0.000112450908334751,"ZNFX1","zinc finger NFX1-type containing 1"
"ENSG00000181381",7.95945945945946,24.625,-16.6655405405405,0.000146821476008615,FALSE,7.57477031036291e-07,0.000112450908334751,"DDX60L","DExD/H-box 60 like"
"ENSG00000108700",1.12162162162162,3.98295454545455,-2.86133292383292,0.000209341359363653,FALSE,8.46212790791918e-07,0.000124594429188486,"CCL8","C-C motif chemokine ligand 8"
"ENSG00000103510",7.63513513513514,29.2613636363636,-21.6262285012285,0.00017494141445099,FALSE,9.96462548146417e-07,0.000145524038637025,"KAT8","lysine acetyltransferase 8"
"ENSG00000117228",1.25675675675676,5.5,-4.24324324324324,0.00028336623785975,FALSE,1.06622277763916e-06,0.000154456127054292,"GBP1","guanylate binding protein 1"
"ENSG00000185909",0.5,2.70454545454545,-2.20454545454545,0.000684689800556994,FALSE,1.09037460459438e-06,0.000156691192178631,"KLHDC8B","kelch domain containing 8B"
"ENSG00000108774",3.51351351351351,14.6363636363636,-11.1228501228501,0.000575185258193978,FALSE,1.09973641640216e-06,0.000156782263871683,"RAB5C","RAB5C, member RAS oncogene family"
"ENSG00000142961",0.135135135135135,0.710227272727273,-0.575092137592138,0.000476756422075098,FALSE,1.18591750224441e-06,0.00016773729206942,"MOB3C","MOB kinase activator 3C"
"ENSG00000163823",6.05405405405405,17.9375,-11.8834459459459,0.000102056888620823,FALSE,1.22019141965398e-06,0.000171236706806597,"CCR1","C-C motif chemokine receptor 1"
"ENSG00000179335",1.82432432432432,7.32386363636364,-5.49953931203931,0.000905861694434762,FALSE,1.30613889249708e-06,0.000181877309503295,"CLK3","CDC like kinase 3"
"ENSG00000169248",0.567567567567568,1.97727272727273,-1.40970515970516,4.86693754154644e-05,FALSE,1.54087877033066e-06,0.00021225436582882,"CXCL11","C-X-C motif chemokine ligand 11"
"ENSG00000117010",1.48648648648649,6.59659090909091,-5.11010442260442,0.000222985096764626,FALSE,1.54792194642183e-06,0.00021225436582882,"ZNF684","zinc finger protein 684"
"ENSG00000122643",0.77027027027027,2.49431818181818,-1.72404791154791,0.000305481691979516,FALSE,1.66188744423335e-06,0.000225038102923396,"NT5C3A","5'-nucleotidase, cytosolic IIIA"
"ENSG00000123609",1.17567567567568,3.98295454545455,-2.80727886977887,0.000516555401006909,FALSE,1.66620651833278e-06,0.000225038102923396,"NMI","N-myc and STAT interactor"
"ENSG00000149532",3.06756756756757,12.2386363636364,-9.17106879606879,0.000321476153706928,FALSE,1.836740494641e-06,0.000246219175412211,"CPSF7","cleavage and polyadenylation specific factor 7"
"ENSG00000239305",1.52702702702703,5.34659090909091,-3.81956388206388,0.000534507273846358,FALSE,1.91953664377746e-06,0.000255412123942034,"RNF103","ring finger protein 103"
"ENSG00000221963",0.243243243243243,1.07386363636364,-0.830620393120393,0.00050550613330012,FALSE,1.96935208991297e-06,0.000260113761699314,"APOL6","apolipoprotein L6"
"ENSG00000162714",5.85135135135135,17.0227272727273,-11.1713759213759,0.000160051851964538,FALSE,2.03147940942958e-06,0.00026636105570499,"ZNF496","zinc finger protein 496"
"ENSG00000204516",1.7972972972973,6.70454545454545,-4.90724815724816,0.000174924047530139,FALSE,2.36380298146593e-06,0.000307688354754148,"MICB","MHC class I polypeptide-related sequence B"
"ENSG00000138760",7.33783783783784,21.5113636363636,-14.1735257985258,0.000409556677209791,FALSE,2.41520066875584e-06,0.000311656274201871,"SCARB2","scavenger receptor class B member 2"
"ENSG00000189325",1.05405405405405,5.02272727272727,-3.96867321867322,0.000271587303641596,FALSE,2.42898615978745e-06,0.000311656274201871,"BNIP5","BCL2 interacting protein 5"
"ENSG00000213689",2.39189189189189,7.77840909090909,-5.3865171990172,0.000118629407658177,FALSE,2.7097737244925e-06,0.000345217485198999,"TREX1","three prime repair exonuclease 1"
"ENSG00000143418",2.31081081081081,7.24431818181818,-4.93350737100737,0.000651142833498412,FALSE,2.8239440438818e-06,0.000357228921551047,"CERS2","ceramide synthase 2"
"ENSG00000148719",7.36486486486486,25.5170454545455,-18.1521805896806,0.000584838216652391,FALSE,3.10431281160886e-06,0.000389949447796714,"DNAJB12","DnaJ heat shock protein family (Hsp40) member B12"
"ENSG00000213928",1.24324324324324,3.86363636363636,-2.62039312039312,0.000245548171790023,FALSE,3.21280559127175e-06,0.000398863653611377,"IRF9","interferon regulatory factor 9"
"ENSG00000213593",1.21621621621622,3.64772727272727,-2.43151105651106,0.000261681562676242,FALSE,3.2196865653649e-06,0.000398863653611377,"TMX2","thioredoxin related transmembrane protein 2"
"ENSG00000166278",4.83783783783784,15.2784090909091,-10.4405712530713,0.000367022429439417,FALSE,3.73107664350841e-06,0.000459050203748914,"C2","complement C2"
"ENSG00000179361",3.01351351351351,8.32386363636364,-5.31035012285012,0.000472538172699644,FALSE,3.87700151869547e-06,0.00047375903592059,"ARID3B","AT-rich interaction domain 3B"
"ENSG00000108387",3.60810810810811,14.7443181818182,-11.1362100737101,0.00105946586158986,FALSE,4.59106407162303e-06,0.000557224891341652,"SEPTIN4","septin 4"
"ENSG00000168026",5.94594594594595,15.3068181818182,-9.36087223587224,0.000177830181901151,FALSE,4.96641641570475e-06,0.000598736497149694,"TTC21A","tetratricopeptide repeat domain 21A"
"ENSG00000113240",2.01351351351351,6.67613636363636,-4.66262285012285,0.000643360227832063,FALSE,5.18691597163331e-06,0.000619402775075627,"CLK4","CDC like kinase 4"
"ENSG00000164054",5.06756756756757,16.1306818181818,-11.0631142506142,0.000296341280515983,FALSE,5.20680393232866e-06,0.000619402775075627,"SHISA5","shisa family member 5"
"ENSG00000130939",3.37837837837838,12.8465909090909,-9.46821253071253,0.00149189431237774,FALSE,5.67712133479922e-06,0.000666224530593186,"UBE4B","ubiquitination factor E4B"
"ENSG00000178685",0.743243243243243,2.70454545454545,-1.96130221130221,0.000893502964573404,FALSE,5.69671812073052e-06,0.000666224530593186,"PARP10","poly(ADP-ribose) polymerase family member 10"
"ENSG00000158406",12.3513513513514,42.9204545454545,-30.5691031941032,0.000984476590920662,FALSE,5.73853558465797e-06,0.000666224530593186,"H4C8","H4 clustered histone 8"
"ENSG00000163719",0.581081081081081,2.39772727272727,-1.81664619164619,0.00111983654740489,FALSE,5.74875033357144e-06,0.000666224530593186,"MTMR14","myotubularin related protein 14"
"ENSG00000169087",0.337837837837838,1.30113636363636,-0.963298525798526,0.000930531887369403,FALSE,6.38445626625566e-06,0.000735153768658657,"HSPBAP1","HSPB1 associated protein 1"
"ENSG00000155629",3.33783783783784,10.0056818181818,-6.66784398034398,0.00077928438803915,FALSE,6.75288050405904e-06,0.000772624156015366,"PIK3AP1","phosphoinositide-3-kinase adaptor protein 1"
"ENSG00000197520",0.0135135135135135,0.153409090909091,-0.139895577395577,0.00128574071367923,FALSE,6.86811186787721e-06,0.00078083476887771,"FAM177B","family with sequence similarity 177 member B"
"ENSG00000151365",0,1.86931818181818,-1.86931818181818,0.00296291851323491,FALSE,6.98363519722977e-06,0.000788975088351185,"THRSP","thyroid hormone responsive"
"ENSG00000135835",18.4054054054054,47.4772727272727,-29.0718673218673,0.000809224097633835,FALSE,7.27202126670755e-06,0.000811551825324175,"KIAA1614","KIAA1614"
"ENSG00000112773",1.58108108108108,4.17613636363636,-2.59505528255528,0.000496162489536215,FALSE,7.27383198113857e-06,0.000811551825324175,"TENT5A","terminal nucleotidyltransferase 5A"
"ENSG00000196358",3.85135135135135,9.5625,-5.71114864864865,0.000133343669995477,FALSE,7.49778675984829e-06,0.000831374960291079,"NTNG2","netrin G2"
"ENSG00000079263",4.87837837837838,14.4943181818182,-9.6159398034398,0.000466384856013483,FALSE,8.4362041916712e-06,0.000927027210553422,"SP140","SP140 nuclear body protein"
"ENSG00000167461",6.71621621621622,24.5681818181818,-17.8519656019656,0.000486189786363278,FALSE,8.46364541172194e-06,0.000927027210553422,"RAB8A","RAB8A, member RAS oncogene family"
"ENSG00000035664",9.81081081081081,25.1988636363636,-15.3880528255528,0.000517515792829363,FALSE,8.75906143837533e-06,0.00095356982192446,"DAPK2","death associated protein kinase 2"
"ENSG00000204103",3.7972972972973,11.5909090909091,-7.79361179361179,0.00107492506158563,FALSE,1.0590005727136e-05,0.00114595345106352,"MAFB","MAF bZIP transcription factor B"
"ENSG00000104213",4.71621621621622,12.7045454545455,-7.98832923832924,0.000781620772007598,FALSE,1.06994982926329e-05,0.00115086878940458,"PDGFRL","platelet derived growth factor receptor like"
"ENSG00000196975",2.68918918918919,7.625,-4.93581081081081,0.00134937315807537,FALSE,1.1102986480976e-05,0.00118716039379626,"ANXA4","annexin A4"
"ENSG00000138385",3.13513513513514,12.9772727272727,-9.84213759213759,0.000892796879717181,FALSE,1.13734317745426e-05,0.001208881390332,"SSB","small RNA binding exonuclease protection factor La"
"ENSG00000123737",4.41891891891892,15.1704545454545,-10.7515356265356,0.00147860924783171,FALSE,1.17954437527201e-05,0.00124636209488301,"EXOSC9","exosome component 9"
"ENSG00000135205",2.45945945945946,7.8125,-5.35304054054054,0.000923444474626913,FALSE,1.27370529561421e-05,0.00133798644591333,"CCDC146","coiled-coil domain containing 146"
"ENSG00000134809",3.06756756756757,9.63636363636364,-6.56879606879607,0.00108262437926864,FALSE,1.32697245579234e-05,0.00138583757112778,"TIMM10","translocase of inner mitochondrial membrane 10"
"ENSG00000118162",0.635135135135135,2.41477272727273,-1.77963759213759,0.00132115036818043,FALSE,1.35157161939645e-05,0.00140336884388546,"KPTN","kaptin, actin binding protein"
"ENSG00000108799",15.1486486486486,40.9261363636364,-25.7774877149877,0.0011852903531485,FALSE,1.38335667706162e-05,0.00142811701092286,"EZH1","enhancer of zeste 1 polycomb repressive complex 2 subunit"
"ENSG00000122420",2.51351351351351,6.96590909090909,-4.45239557739558,0.000746683234657064,FALSE,1.46531414215734e-05,0.00150408216774699,"PTGFR","prostaglandin F receptor"
"ENSG00000130066",3.27027027027027,9.76704545454546,-6.49677518427518,0.000787592549790401,FALSE,1.47877880335162e-05,0.00150927861617075,"SAT1","spermidine/spermine N1-acetyltransferase 1"
"ENSG00000162413",1.06756756756757,3.45454545454545,-2.38697788697789,0.00160285992317931,FALSE,1.60929738713604e-05,0.00163320954605224,"KLHL21","kelch like family member 21"
"ENSG00000188282",1.59459459459459,5.07386363636364,-3.47926904176904,0.00187916035032611,FALSE,1.62805476377884e-05,0.00164296335515501,"RUFY4","RUN and FYVE domain containing 4"
"ENSG00000091592",2.39189189189189,6.47727272727273,-4.08538083538084,0.00109830747861491,FALSE,1.85316366895733e-05,0.00185968597684248,"NLRP1","NLR family pyrin domain containing 1"
"ENSG00000141401",1.82432432432432,5.43181818181818,-3.60749385749386,0.000764335287368226,FALSE,2.0093524042147e-05,0.00199548935566336,"IMPA2","inositol monophosphatase 2"
"ENSG00000010030",3.05405405405405,8.73863636363636,-5.68458230958231,0.000335359680051449,FALSE,2.01070853073021e-05,0.00199548935566336,"ETV7","ETS variant transcription factor 7"
"ENSG00000167261",0.405405405405405,1.42613636363636,-1.02073095823096,0.00176568334499739,FALSE,2.07893195259746e-05,0.00205186014640155,"DPEP2","dipeptidase 2"
"ENSG00000166888",5.75675675675676,16.1761363636364,-10.4193796068796,0.00179798735443195,FALSE,2.15600750470076e-05,0.00211630397852129,"STAT6","signal transducer and activator of transcription 6"
"ENSG00000131979",4.28378378378378,13.0113636363636,-8.72757985257985,0.00148675464729933,FALSE,2.20207909712381e-05,0.00214977971856712,"GCH1","GTP cyclohydrolase 1"
"ENSG00000079277",0.959459459459459,3.65340909090909,-2.69394963144963,0.00237893560508276,FALSE,2.222411577062e-05,0.00215790157614945,"MKNK1","MAPK interacting serine/threonine kinase 1"
"ENSG00000070010",5.47297297297297,15.9488636363636,-10.4758906633907,0.00117507777145778,FALSE,2.28255054422982e-05,0.00220437932397851,"UFD1","ubiquitin recognition factor in ER associated degradation 1"
"ENSG00000214655",0.418918918918919,1.28977272727273,-0.870853808353808,0.00185975263820349,FALSE,2.29741015055557e-05,0.00220686516226897,"ZSWIM8","zinc finger SWIM-type containing 8"
"ENSG00000169181",0.0135135135135135,0.147727272727273,-0.134213759213759,0.00260051559756039,FALSE,2.34065269605833e-05,0.00223644384996254,"GSG1L","GSG1 like"
"ENSG00000186407",1.74324324324324,6.14772727272727,-4.40448402948403,0.000551324449304892,FALSE,2.46857730358259e-05,0.00234619333884942,"CD300E","CD300e molecule"
"ENSG00000154188",3.32432432432432,8.47159090909091,-5.14726658476658,0.000284496560223796,FALSE,2.50068907155438e-05,0.00236420409433323,"ANGPT1","angiopoietin 1"
"ENSG00000132155",16.9459459459459,46.1875,-29.2415540540541,0.00149897318809557,FALSE,2.55228499317601e-05,0.00240035054096443,"RAF1","Raf-1 proto-oncogene, serine/threonine kinase"
"ENSG00000115415",18.472972972973,51.3977272727273,-32.9247542997543,0.000449069154992161,FALSE,2.57604312609626e-05,0.002410076180941,"STAT1","signal transducer and activator of transcription 1"
"ENSG00000158796",0.216216216216216,0.869318181818182,-0.653101965601966,0.00316823427290383,FALSE,2.74576525741101e-05,0.00255555343621109,"DEDD","death effector domain containing"
"ENSG00000152242",0.621621621621622,2.22727272727273,-1.60565110565111,0.00426044370962543,FALSE,2.77236624228675e-05,0.00256701107269056,"ARK2N","arkadia (RNF111) N-terminal like PKA signaling regulator 2N"
"ENSG00000116793",5,18.2215909090909,-13.2215909090909,0.0030352546128052,FALSE,2.79692149462224e-05,0.0025764667080974,"PHTF1","putative homeodomain transcription factor 1"
"ENSG00000160691",5.25675675675676,19.8920454545455,-14.6352886977887,0.00448524718439068,FALSE,2.93156794139853e-05,0.00268672219037458,"SHC1","SHC adaptor protein 1"
"ENSG00000166971",1.17567567567568,4.13636363636364,-2.96068796068796,0.00249734243712208,FALSE,3.08835358289586e-05,0.00281604545226185,"AKTIP","AKT interacting protein"
"ENSG00000104133",0.405405405405405,1.38068181818182,-0.975276412776413,0.00193328384800757,FALSE,3.10885479854432e-05,0.0028204221589016,"SPG11","SPG11 vesicle trafficking associated, spatacsin"
"ENSG00000111679",7.24324324324324,18.8011363636364,-11.5578931203931,0.00158047566897587,FALSE,3.14379700641546e-05,0.00283779023247442,"PTPN6","protein tyrosine phosphatase non-receptor type 6"
"ENSG00000105948",3.71621621621622,11.6363636363636,-7.92014742014742,0.00205893417149611,FALSE,3.19204488775862e-05,0.0028669351159404,"IFT56","intraflagellar transport 56"
"ENSG00000136874",4.47297297297297,13.6647727272727,-9.19179975429975,0.00119402398089656,FALSE,3.22106594871066e-05,0.00287860734510893,"STX17","syntaxin 17"
"ENSG00000083444",2.28378378378378,6.82954545454545,-4.54576167076167,0.0010191172437745,FALSE,3.42740770370404e-05,0.00304784775156612,"PLOD1","procollagen-lysine,2-oxoglutarate 5-dioxygenase 1"
"ENSG00000175215",3.31081081081081,11.4886363636364,-8.17782555282555,0.00154759041381116,FALSE,3.46551232501418e-05,0.0030665516204054,"CTDSP2","CTD small phosphatase 2"
"ENSG00000204574",10.6081081081081,30.2329545454545,-19.6248464373464,0.0014745093894521,FALSE,3.49424696287074e-05,0.00307682148010035,"ABCF1","ATP binding cassette subfamily F member 1"
"ENSG00000204568",3.87837837837838,12.6818181818182,-8.8034398034398,0.00187564361445866,FALSE,3.58415646710068e-05,0.00314059524968436,"MRPS18B","mitochondrial ribosomal protein S18B"
"ENSG00000013275",8.87837837837838,27.4943181818182,-18.6159398034398,0.00238085563861665,FALSE,3.61158458883758e-05,0.00314926669753832,"PSMC4","proteasome 26S subunit, ATPase 4"
"ENSG00000181616",0.0405405405405405,1.11363636363636,-1.07309582309582,0.00646905389984201,FALSE,3.79840265279309e-05,0.003296169413146,"OR52H1","olfactory receptor family 52 subfamily H member 1"
"ENSG00000111737",1.68918918918919,5.55681818181818,-3.86762899262899,0.0036600552737177,FALSE,3.93132036772871e-05,0.00339511095026494,"RAB35","RAB35, member RAS oncogene family"
"ENSG00000213512",1,2.41477272727273,-1.41477272727273,0.00114090676815505,FALSE,4.0638889536372e-05,0.00349280561120503,"GBP7","guanylate binding protein 7"
"ENSG00000111224",0.283783783783784,1.25568181818182,-0.971898034398034,0.00359951451911352,FALSE,4.24683799908218e-05,0.00363266433226254,"PARP11","poly(ADP-ribose) polymerase family member 11"
"ENSG00000146166",3.94594594594595,10.3863636363636,-6.44041769041769,0.00148955315595328,FALSE,4.27410757887334e-05,0.0036386632435688,"LGSN","lengsin, lens protein with glutamine synthetase domain"
"ENSG00000179218",10.027027027027,28,-17.972972972973,0.00145078316919206,FALSE,4.40342137802437e-05,0.00373106878365339,"CALR","calreticulin"
"ENSG00000104951",3.89189189189189,10.9886363636364,-7.09674447174447,0.00156491562978372,FALSE,4.61419825904011e-05,0.00389130719845716,"IL4I1","interleukin 4 induced 1"
"ENSG00000108861",9.77027027027027,28.2954545454545,-18.5251842751843,0.00263020858033934,FALSE,4.68926475466164e-05,0.00393613377513958,"DUSP3","dual specificity phosphatase 3"
"ENSG00000204713",5.47297297297297,18.8806818181818,-13.4077088452088,0.00242459487653597,FALSE,4.71693567361913e-05,0.00394094490721955,"TRIM27","tripartite motif containing 27"
"ENSG00000141480",10.2567567567568,22.3352272727273,-12.0784705159705,0.00180937982220792,FALSE,5.17807635382507e-05,0.00430619377517406,"ARRB2","arrestin beta 2"
"ENSG00000172046",3.05405405405405,10.0568181818182,-7.00276412776413,0.00402712153921937,FALSE,5.20958717595129e-05,0.00431243384523562,"USP19","ubiquitin specific peptidase 19"
"ENSG00000166986",18.7837837837838,46.7329545454545,-27.9491707616708,0.00164073417052521,FALSE,5.25535511523222e-05,0.00432408512344234,"MARS1","methionyl-tRNA synthetase 1"
"ENSG00000122299",7.12162162162162,24.3068181818182,-17.1851965601966,0.00452318081259648,FALSE,5.27180672512315e-05,0.00432408512344234,"ZC3H7A","zinc finger CCCH-type containing 7A"
"ENSG00000022567",0.283783783783784,0.943181818181818,-0.659398034398034,0.00119097308248243,FALSE,5.36412928458078e-05,0.00437981156086021,"SLC45A4","solute carrier family 45 member 4"
"ENSG00000136044",1.98648648648649,6.46590909090909,-4.4794226044226,0.00229613618854398,FALSE,5.4653226104233e-05,0.00444224389371194,"APPL2","adaptor protein, phosphotyrosine interacting with PH domain and leucine zipper 2"
"ENSG00000138166",18.2297297297297,47.1363636363636,-28.9066339066339,0.0014980888843403,FALSE,5.50655523237661e-05,0.00445559692068383,"DUSP5","dual specificity phosphatase 5"
"ENSG00000197818",2.17567567567568,5.82386363636364,-3.64818796068796,0.00228844157368177,FALSE,5.7274929951131e-05,0.00459376948151794,"SLC9A8","solute carrier family 9 member A8"
"ENSG00000196177",5.14864864864865,13.9034090909091,-8.75476044226044,0.00276648069652598,FALSE,5.72846609063085e-05,0.00459376948151794,"ACADSB","acyl-CoA dehydrogenase short/branched chain"
"ENSG00000126746",8.93243243243243,26.1761363636364,-17.2437039312039,0.00214183481727948,FALSE,5.81737540643994e-05,0.00464433397448359,"ZNF384","zinc finger protein 384"
"ENSG00000185880",3.93243243243243,11.1136363636364,-7.18120393120393,0.000258315935528136,FALSE,6.38344909621892e-05,0.0050517920287263,"TRIM69","tripartite motif containing 69"
"ENSG00000100029",8.12162162162162,22.1761363636364,-14.0545147420147,0.0021683934240866,FALSE,6.383993712191e-05,0.0050517920287263,"PES1","pescadillo ribosomal biogenesis factor 1"
"ENSG00000100897",5.24324324324324,14.4147727272727,-9.17152948402948,0.0019723086829501,FALSE,6.4398957957027e-05,0.00505258534503867,"DCAF11","DDB1 and CUL4 associated factor 11"
"ENSG00000082641",3.06756756756757,7.73863636363636,-4.6710687960688,0.0019329318525454,FALSE,6.44125170636228e-05,0.00505258534503867,"NFE2L1","NFE2 like bZIP transcription factor 1"
"ENSG00000100220",3.52702702702703,10.3352272727273,-6.80820024570025,0.00164360262764368,FALSE,6.66943639334389e-05,0.00520376116087629,"RTCB","RNA 2',3'-cyclic phosphate and 5'-OH ligase"
"ENSG00000164088",0.175675675675676,0.698863636363636,-0.523187960687961,0.0034572635473627,FALSE,6.71486534871861e-05,0.00520376116087629,"PPM1M","protein phosphatase, Mg2+/Mn2+ dependent 1M"
"ENSG00000179051",6.86486486486486,20.7840909090909,-13.919226044226,0.0032373299760562,FALSE,6.72088509337693e-05,0.00520376116087629,"RCC2","regulator of chromosome condensation 2"
"ENSG00000169403",1.77027027027027,4.78977272727273,-3.01950245700246,0.00197107583153629,FALSE,6.90065486720827e-05,0.00532001988753915,"PTAFR","platelet activating factor receptor"
"ENSG00000157693",0.432432432432432,1.21590909090909,-0.783476658476658,0.00196302019211407,FALSE,7.19458471862303e-05,0.00552291988464211,"TMEM268","transmembrane protein 268"
"ENSG00000254772",20.2432432432432,57.4829545454545,-37.2397113022113,0.00316100780337447,FALSE,7.54000530014143e-05,0.00576345171091236,"EEF1G","eukaryotic translation elongation factor 1 gamma"
"ENSG00000107018",0.135135135135135,0.534090909090909,-0.398955773955774,0.00335704693643621,FALSE,7.7216194594714e-05,0.00587726484535952,"RLN1","relaxin 1"
"ENSG00000137414",0.743243243243243,1.97727272727273,-1.23402948402948,0.00282195559479787,FALSE,7.79445075510311e-05,0.00588869952849735,"FAM8A1","family with sequence similarity 8 member A1"
"ENSG00000185339",2.68918918918919,7.625,-4.93581081081081,0.00218258488000443,FALSE,7.80220724702093e-05,0.00588869952849735,"TCN2","transcobalamin 2"
"ENSG00000105402",3.58108108108108,10.2727272727273,-6.69164619164619,0.000632546883061579,FALSE,7.84550937057249e-05,0.00589660605956459,"NAPA","NSF attachment protein alpha"
"ENSG00000116679",2.7027027027027,8.44886363636364,-5.74616093366093,0.00120991221024625,FALSE,8.04710039776297e-05,0.00602291935187568,"IVNS1ABP","influenza virus NS1A binding protein"
"ENSG00000168062",6,18.0397727272727,-12.0397727272727,0.00100135348799264,FALSE,8.12154716963819e-05,0.00605341708747763,"BATF2","basic leucine zipper ATF-like transcription factor 2"
"ENSG00000157827",7.32432432432432,18.7386363636364,-11.414312039312,0.00271152603754534,FALSE,8.18308973431329e-05,0.00605648756898894,"FMNL2","formin like 2"
"ENSG00000079385",13.8783783783784,37.1818181818182,-23.3034398034398,0.0013644780511066,FALSE,8.19309958951351e-05,0.00605648756898894,"CEACAM1","CEA cell adhesion molecule 1"
"ENSG00000175691",2.5,8.72727272727273,-6.22727272727273,0.00399214870338122,FALSE,8.6973857859475e-05,0.00640291560954815,"ZNF77","zinc finger protein 77"
"ENSG00000133884",1.54054054054054,4.51136363636364,-2.9708230958231,0.00346151664935791,FALSE,8.81557505459402e-05,0.00646343570227234,"DPF2","double PHD fingers 2"
"ENSG00000105723",14.0135135135135,37.3636363636364,-23.3501228501229,0.00250406728764645,FALSE,9.02172564539254e-05,0.00658769340521082,"GSK3A","glycogen synthase kinase 3 alpha"
"ENSG00000162654",0.716216216216216,2.67045454545455,-1.95423832923833,0.00364854985767374,FALSE,9.23528705930562e-05,0.00667597391526191,"GBP4","guanylate binding protein 4"
"ENSG00000183347",0.594594594594595,2.11931818181818,-1.52472358722359,0.00426723160741477,FALSE,9.25220736990396e-05,0.00667597391526191,"GBP6","guanylate binding protein family member 6"
"ENSG00000100813",4.59459459459459,13.1931818181818,-8.59858722358722,0.00278655263193451,FALSE,9.25411960641438e-05,0.00667597391526191,"ACIN1","apoptotic chromatin condensation inducer 1"
"ENSG00000167208",0.527027027027027,1.85795454545455,-1.33092751842752,0.00281658332293808,FALSE,9.32198763485397e-05,0.00669803455539528,"SNX20","sorting nexin 20"
"ENSG00000108424",10.6486486486486,30.9375,-20.2888513513514,0.00279836859686116,FALSE,9.37265308631318e-05,0.00670760826252763,"KPNB1","karyopherin subunit beta 1"
"ENSG00000183647",1.08108108108108,3.72727272727273,-2.64619164619165,0.00504821483517509,FALSE,9.52522695066984e-05,0.00678974808392391,"ZNF530","zinc finger protein 530"
"ENSG00000132109",7.97297297297297,20.5795454545455,-12.6065724815725,0.00266301698916493,FALSE,9.68078289123213e-05,0.00686976251508326,"TRIM21","tripartite motif containing 21"
"ENSG00000010165",0.378378378378378,1.39772727272727,-1.01934889434889,0.00487476306250551,FALSE,9.71396581212017e-05,0.00686976251508326,"METTL13","methyltransferase 13, eEF1A N-terminus and K55"
"ENSG00000172890",1.16216216216216,3.05113636363636,-1.8889742014742,0.00140983090102232,FALSE,9.83451780692886e-05,0.00690673367736129,"NADSYN1","NAD synthetase 1"
"ENSG00000012822",5.64864864864865,13.6363636363636,-7.98771498771499,0.00312538996200404,FALSE,9.84314324669871e-05,0.00690673367736129,"CALCOCO1","calcium binding and coiled-coil domain 1"
"ENSG00000146425",9.41891891891892,23.7727272727273,-14.3538083538084,0.00313112516793252,FALSE,9.90217333474455e-05,0.0069211182728411,"DYNLT1","dynein light chain Tctex-type 1"
"ENSG00000205084",0.851351351351351,2.82386363636364,-1.97251228501228,0.00406540415345817,FALSE,0.000101506120159548,0.00706726525746497,"TMEM231","transmembrane protein 231"
"ENSG00000068323",4.13513513513514,9.48863636363636,-5.35350122850123,0.00188854490998214,FALSE,0.000103139104206767,0.00715323447438668,"TFE3","transcription factor binding to IGHM enhancer 3"
"ENSG00000108950",0.108108108108108,0.448863636363636,-0.340755528255528,0.00496278578535368,FALSE,0.000103907122684921,0.00716658274363136,"FAM20A","FAM20A golgi associated secretory pathway pseudokinase"
"ENSG00000068784",8.40540540540541,25.4318181818182,-17.0264127764128,0.00321742003249094,FALSE,0.000104129493742013,0.00716658274363136,"SRBD1","S1 RNA binding domain 1"
"ENSG00000114650",1.18918918918919,3.22727272727273,-2.03808353808354,0.00449785551790328,FALSE,0.000104826427433329,0.00718701189307208,"SCAP","SREBF chaperone"
"ENSG00000121797",4.17567567567568,10.7784090909091,-6.60273341523342,0.00314431512862316,FALSE,0.000111780959783345,0.00761856502197875,"CCRL2","C-C motif chemokine receptor like 2"
"ENSG00000123329",4.63513513513514,10.7045454545455,-6.06941031941032,0.00198931202260556,FALSE,0.000111969112386705,0.00761856502197875,"ARHGAP9","Rho GTPase activating protein 9"
"ENSG00000140931",0.121621621621622,0.471590909090909,-0.349969287469287,0.00527744474152512,FALSE,0.000118248460800286,0.00801546075983223,"CMTM3","CKLF like MARVEL transmembrane domain containing 3"
"ENSG00000177150",0.162162162162162,0.556818181818182,-0.39465601965602,0.00471804330858252,FALSE,0.000118740525734034,0.0080185566306784,"FAM210A","family with sequence similarity 210 member A"
"ENSG00000129071",3.10810810810811,8.90340909090909,-5.79530098280098,0.0032816369914725,FALSE,0.000121878904207362,0.00819966575384587,"MBD4","methyl-CpG binding domain 4, DNA glycosylase"
"ENSG00000197121",1.91891891891892,5.15340909090909,-3.23449017199017,0.0015762198502925,FALSE,0.000122410329626441,0.00820468936970057,"PGAP1","post-GPI attachment to proteins inositol deacylase 1"
"ENSG00000102265",1.82432432432432,4.57386363636364,-2.74953931203931,0.00508138011378914,FALSE,0.000125603505752295,0.00838741923356309,"TIMP1","TIMP metallopeptidase inhibitor 1"
"ENSG00000157191",0.837837837837838,2.72159090909091,-1.88375307125307,0.00262583346936791,FALSE,0.000129590615463239,0.00862161565024507,"NECAP2","NECAP endocytosis associated 2"
"ENSG00000234127",4.75675675675676,13.0738636363636,-8.31710687960688,0.00190617832989919,FALSE,0.000131076719193851,0.0086883066674507,"TRIM26","tripartite motif containing 26"
"ENSG00000135363",11.0945945945946,27.3977272727273,-16.3031326781327,0.000911832319440993,FALSE,0.000131625200076415,0.00869258628298763,"LMO2","LIM domain only 2"
"ENSG00000187741",5.25675675675676,14.2954545454545,-9.03869778869779,0.00156789510882206,FALSE,0.000132138662696161,0.00869453039564522,"FANCA","FA complementation group A"
"ENSG00000216490",7.90540540540541,19.5909090909091,-11.6855036855037,0.0037788150279008,FALSE,0.000133446470033453,0.00874853628179166,"IFI30","IFI30 lysosomal thiol reductase"
"ENSG00000089505",0.0540540540540541,0.25,-0.195945945945946,0.00464318861772106,FALSE,0.000134246207460711,0.00876896227133362,"CMTM1","CKLF like MARVEL transmembrane domain containing 1"
"ENSG00000175550",1.7972972972973,4.77272727272727,-2.97542997542998,0.00138896186358874,FALSE,0.000139187520221698,0.00905878777442883,"DRAP1","DR1 associated protein 1"
"ENSG00000138769",0.864864864864865,1.91477272727273,-1.04990786240786,0.000761072803298074,FALSE,0.000141300869017536,0.00916313180563896,"CDKL2","cyclin dependent kinase like 2"
"ENSG00000129465",13.472972972973,34.3238636363636,-20.8508906633907,0.00390690287875124,FALSE,0.000141820687080775,0.00916375900011497,"RIPK3","receptor interacting serine/threonine kinase 3"
"ENSG00000108883",32.1486486486486,90.1363636363636,-57.987714987715,0.0037557604019664,FALSE,0.000142640631330501,0.00916405656791944,"EFTUD2","elongation factor Tu GTP binding domain containing 2"
"ENSG00000101190",0,0.0795454545454545,-0.0795454545454545,0.0124086100920514,FALSE,0.000142845618160521,0.00916405656791944,"TCFL5","transcription factor like 5"
"ENSG00000157404",18.7972972972973,44.9659090909091,-26.1686117936118,0.00161622975821563,FALSE,0.000151337195655764,0.00967427062478468,"KIT","KIT proto-oncogene, receptor tyrosine kinase"
"ENSG00000173559",0.175675675675676,0.602272727272727,-0.426597051597052,0.00558818966943143,FALSE,0.000154610321314036,0.00984845816228378,"NABP1","nucleic acid binding protein 1"
"ENSG00000124688",0.743243243243243,2.03409090909091,-1.29084766584767,0.0039124736407165,FALSE,0.000155911151585083,0.00987148968544867,"MAD2L1BP","MAD2L1 binding protein"
"ENSG00000078098",4.59459459459459,9.90909090909091,-5.31449631449631,0.00100862707572552,FALSE,0.000156070983169149,0.00987148968544867,"FAP","fibroblast activation protein alpha"
"ENSG00000137449",2.21621621621622,5.56818181818182,-3.3519656019656,0.00232444367161696,FALSE,0.000160295780140388,0.010103133679515,"CPEB2","cytoplasmic polyadenylation element binding protein 2"
"ENSG00000048740",1.77027027027027,5.14204545454545,-3.37177518427518,0.00418337063825239,FALSE,0.000161996938165385,0.0101746538470797,"CELF2","CUGBP Elav-like family member 2"
"ENSG00000158042",10.7567567567568,28.5965909090909,-17.8398341523342,0.00179839164599845,FALSE,0.000164598613202932,0.0103020379406421,"MRPL17","mitochondrial ribosomal protein L17"
"ENSG00000100596",8.5,21.375,-12.875,0.00230376786796445,FALSE,0.0001697427811704,0.0105871165908469,"SPTLC2","serine palmitoyltransferase long chain base subunit 2"
"ENSG00000137364",21.2702702702703,51.0681818181818,-29.7979115479115,0.0024082190280417,FALSE,0.000173840789847609,0.0108051976056491,"TPMT","thiopurine S-methyltransferase"
"ENSG00000105011",9.59459459459459,23.6647727272727,-14.0701781326781,0.00528257872986541,FALSE,0.000175130494097811,0.0108478243637206,"ASF1B","anti-silencing function 1B histone chaperone"
"ENSG00000171606",6.63513513513514,16.2840909090909,-9.64895577395577,0.00450272135007171,FALSE,0.000179602893769502,0.011068285256527,"ZNF274","zinc finger protein 274"
"ENSG00000172936",30.5,73.8579545454545,-43.3579545454545,0.00282480877971682,FALSE,0.000180142502779151,0.011068285256527,"MYD88","MYD88 innate immune signal transduction adaptor"
"ENSG00000196411",16.4054054054054,36.6193181818182,-20.2139127764128,0.00254070837885286,FALSE,0.000180538194074621,0.011068285256527,"EPHB4","EPH receptor B4"
"ENSG00000084764",12.7837837837838,33.1704545454545,-20.3866707616708,0.00314405582788246,FALSE,0.000186274098554887,0.0113565554284271,"MAPRE3","microtubule associated protein RP/EB family member 3"
"ENSG00000138185",0.783783783783784,2.09090909090909,-1.30712530712531,0.00315296187774983,FALSE,0.000186504695840672,0.0113565554284271,"ENTPD1","ectonucleoside triphosphate diphosphohydrolase 1"
"ENSG00000090861",8.05405405405405,21.5738636363636,-13.5198095823096,0.00298724121251251,FALSE,0.000188948742117476,0.0114665076170818,"AARS1","alanyl-tRNA synthetase 1"
"ENSG00000152102",0.310810810810811,0.863636363636364,-0.552825552825553,0.00519325779716235,FALSE,0.000190067446699556,0.0114955607577917,"FAM168B","family with sequence similarity 168 member B"
"ENSG00000187474",2.5,6.41477272727273,-3.91477272727273,0.00201866193411674,FALSE,0.000191521455453087,0.011544630551355,"FPR3","formyl peptide receptor 3"
"ENSG00000151364",0.635135135135135,1.69886363636364,-1.0637285012285,0.00586022313715898,FALSE,0.000193465230950779,0.0116196270642171,"KCTD14","potassium channel tetramerization domain containing 14"
"ENSG00000125735",0.351351351351351,0.960227272727273,-0.608875921375921,0.00640789831525466,FALSE,0.000194059350847025,0.0116196270642171,"TNFSF14","TNF superfamily member 14"
"ENSG00000135047",11.7162162162162,28.4431818181818,-16.7269656019656,0.00196894833926825,FALSE,0.000196123123958009,0.0117041849689625,"CTSL","cathepsin L"
"ENSG00000172493",8.01351351351351,23.6875,-15.6739864864865,0.00335623378877706,FALSE,0.000198199604202296,0.011758588274566,"AFF1","ALF transcription elongation factor 1"
"ENSG00000146859",0.108108108108108,0.443181818181818,-0.33507371007371,0.00497051762721917,FALSE,0.000198343942949034,0.011758588274566,"TMEM140","transmembrane protein 140"
"ENSG00000112658",6.08108108108108,14.5795454545455,-8.49846437346437,0.00739246844651238,FALSE,0.00020659221114524,0.0122072891079011,"SRF","serum response factor"
"ENSG00000141562",1.02702702702703,2.47159090909091,-1.44456388206388,0.0028540759589243,FALSE,0.000207591193348904,0.0122261003479553,"NARF","nuclear prelamin A recognition factor"
"ENSG00000165879",0.689189189189189,1.80113636363636,-1.11194717444717,0.00456582123857552,FALSE,0.000211426997365953,0.0124113174957014,"FRAT1","FRAT regulator of WNT signaling pathway 1"
"ENSG00000100228",4.82432432432432,12.7613636363636,-7.93703931203931,0.00225147200787267,FALSE,0.00022241336827535,0.013013717701401,"RAB36","RAB36, member RAS oncogene family"
"ENSG00000181220",5.68918918918919,15.1193181818182,-9.43012899262899,0.00330462044859293,FALSE,0.000225097823574896,0.0131280266392074,"ZNF746","zinc finger protein 746"
"ENSG00000087903",3.41891891891892,7.49431818181818,-4.07539926289926,0.00480030832202265,FALSE,0.000226076540134623,0.013142436538635,"RFX2","regulatory factor X2"
"ENSG00000001561",1.06756756756757,2.80681818181818,-1.73925061425061,0.00374150082879204,FALSE,0.000228356417569853,0.0132321494477654,"ENPP4","ectonucleotide pyrophosphatase/phosphodiesterase 4"
"ENSG00000131480",5.18918918918919,12.3579545454545,-7.16876535626536,0.00406210405962958,FALSE,0.000231318569866782,0.0133209709626978,"AOC2","amine oxidase copper containing 2"
"ENSG00000204386",0.364864864864865,0.965909090909091,-0.601044226044226,0.00475112987435695,FALSE,0.000231372428901727,0.0133209709626978,"NEU1","neuraminidase 1"
"ENSG00000198502",20.0675675675676,39.0852272727273,-19.0176597051597,0.000843290720664118,FALSE,0.000234085757804903,0.013408297474063,"HLA-DRB5","major histocompatibility complex, class II, DR beta 5"
"ENSG00000008516",1.41891891891892,3.36931818181818,-1.95039926289926,0.00240110586697481,FALSE,0.000234382085779423,0.013408297474063,"MMP25","matrix metallopeptidase 25"
"ENSG00000180535",2.52702702702703,5.64772727272727,-3.12070024570025,0.00710098732383433,FALSE,0.000243308823576523,0.0138747822155717,"BHLHA15","basic helix-loop-helix family member a15"
"ENSG00000084110",1.17567567567568,2.93181818181818,-1.75614250614251,0.00280175107454731,FALSE,0.000256307726878957,0.0145697965124263,"HAL","histidine ammonia-lyase"
"ENSG00000105939",8.75675675675676,23.3465909090909,-14.5898341523342,0.00721864535275423,FALSE,0.000261231765930593,0.0148028587110765,"ZC3HAV1","zinc finger CCCH-type containing, antiviral 1"
"ENSG00000197646",0.797297297297297,2.21022727272727,-1.41292997542998,0.00755300513719377,FALSE,0.000263781321605521,0.0149003266666666,"PDCD1LG2","programmed cell death 1 ligand 2"
"ENSG00000102034",2.14864864864865,5.90909090909091,-3.76044226044226,0.00598634650423058,FALSE,0.000269036045306434,0.0151495124822554,"ELF4","E74 like ETS transcription factor 4"
"ENSG00000153029",2.94594594594595,7.17613636363636,-4.23019041769042,0.00404325827953231,FALSE,0.0002740442665559,0.0153620836907707,"MR1","major histocompatibility complex, class I-related"
"ENSG00000164825",0.27027027027027,0.806818181818182,-0.536547911547911,0.0043929791154996,FALSE,0.000274672289224242,0.0153620836907707,"DEFB1","defensin beta 1"
"ENSG00000144730",1.31081081081081,3.10795454545455,-1.79714373464373,0.00521910362945376,FALSE,0.000275376660269898,0.0153620836907707,"IL17RD","interleukin 17 receptor D"
"ENSG00000119787",1.27027027027027,3.42045454545455,-2.15018427518428,0.00476627485616775,FALSE,0.00027886330607934,0.0155084259043442,"ATL2","atlastin GTPase 2"
"ENSG00000092098",3.55405405405405,8.98295454545454,-5.42890049140049,0.00518992630211243,FALSE,0.000280960940673064,0.0155698070574301,"RNF31","ring finger protein 31"
"ENSG00000121318",0.027027027027027,0.193181818181818,-0.166154791154791,0.0103099641306005,FALSE,0.000281700567481199,0.0155698070574301,"TAS2R10","taste 2 receptor member 10"
"ENSG00000080986",13.8513513513514,35.8579545454545,-22.0066031941032,0.00327790753709369,FALSE,0.000286974678805631,0.0157670498095568,"NDC80","NDC80 kinetochore complex component"
"ENSG00000111801",3.40540540540541,8.73295454545454,-5.32754914004914,0.00318964947406454,FALSE,0.000287024733492461,0.0157670498095568,"BTN3A3","butyrophilin subfamily 3 member A3"
"ENSG00000171777",3.60810810810811,8.22727272727273,-4.61916461916462,0.00351775231450639,FALSE,0.000292384415370801,0.0159530193100769,"RASGRP4","RAS guanyl releasing protein 4"
"ENSG00000157259",1.01351351351351,3.26136363636364,-2.24785012285012,0.0064307235190415,FALSE,0.000293454955439085,0.0159530193100769,"GATAD1","GATA zinc finger domain containing 1"
"ENSG00000136682",0.540540540540541,1.71022727272727,-1.16968673218673,0.00623489075983298,FALSE,0.000293799258788513,0.0159530193100769,"ZNG1B","Zn regulated GTPase metalloprotein activator 1B"
"ENSG00000066322",2.87837837837838,7.78409090909091,-4.90571253071253,0.0075139411396279,FALSE,0.000293962555900209,0.0159530193100769,"ELOVL1","ELOVL fatty acid elongase 1"
"ENSG00000163746",0.959459459459459,2.04545454545455,-1.08599508599509,0.00612998961367444,FALSE,0.000300428324376822,0.016225681233816,"PLSCR2","phospholipid scramblase 2"
"ENSG00000102524",5.01351351351351,12.5625,-7.54898648648649,0.00368437438044979,FALSE,0.000300793400370803,0.016225681233816,"TNFSF13B","TNF superfamily member 13b"
"ENSG00000134830",2.56756756756757,5.99431818181818,-3.42675061425061,0.00602131613764997,FALSE,0.000302499654161022,0.0162688661308217,"C5AR2","complement C5a receptor 2"
"ENSG00000170579",7.98648648648649,18.5113636363636,-10.5248771498771,0.00410409341145936,FALSE,0.000307480656254263,0.0164873881441651,"DLGAP1","DLG associated protein 1"
"ENSG00000174444",28.4054054054054,74.625,-46.2195945945946,0.00663887216001415,FALSE,0.000315096063734244,0.0168454481930304,"RPL4","ribosomal protein L4"
"ENSG00000132664",1.5,4.71590909090909,-3.21590909090909,0.00783712272926882,FALSE,0.000316388290255041,0.0168643408244846,"POLR3F","RNA polymerase III subunit F"
"ENSG00000187109",9.17567567567568,22.2329545454545,-13.0572788697789,0.00682440422911464,FALSE,0.000331214315134453,0.0176023749785804,"NAP1L1","nucleosome assembly protein 1 like 1"
"ENSG00000113407",7.63513513513514,19.9715909090909,-12.3364557739558,0.00731168211796123,FALSE,0.00033580850313673,0.0177532496531669,"TARS1","threonyl-tRNA synthetase 1"
"ENSG00000181163",11.8243243243243,30.4431818181818,-18.6188574938575,0.00810989532417134,FALSE,0.000336029888218936,0.0177532496531669,"NPM1","nucleophosmin 1"
"ENSG00000184371",0.702702702702703,2.07954545454545,-1.37684275184275,0.0050236292397565,FALSE,0.000343992693179942,0.0181206473536401,"CSF1","colony stimulating factor 1"
"ENSG00000159314",2.81081081081081,6.22159090909091,-3.4107800982801,0.00374207736842872,FALSE,0.000352836851760458,0.0185321882110325,"ARHGAP27","Rho GTPase activating protein 27"
"ENSG00000071553",1.04054054054054,2.63636363636364,-1.5958230958231,0.00972075412031033,FALSE,0.00035549374001486,0.018617300442819,"ATP6AP1","ATPase H+ transporting accessory protein 1"
"ENSG00000152954",0.121621621621622,5.52840909090909,-5.40678746928747,0.0190755869913905,FALSE,0.000356826473950683,0.0186327731150468,"NRSN1","neurensin 1"
"ENSG00000084623",4.89189189189189,13.5738636363636,-8.68197174447175,0.00917023364482709,FALSE,0.000359326274999959,0.0187089213849979,"EIF3I","eukaryotic translation initiation factor 3 subunit I"
"ENSG00000121060",7.16216216216216,18.5965909090909,-11.4344287469287,0.00479646299300321,FALSE,0.000361998548937922,0.0187172039553812,"TRIM25","tripartite motif containing 25"
"ENSG00000135324",4.83783783783784,1.21590909090909,3.62192874692875,5.12831275658882e-07,FALSE,0.000364414807492303,0.0187172039553812,"MRAP2","melanocortin 2 receptor accessory protein 2"
"ENSG00000124193",16.1216216216216,36.3636363636364,-20.2420147420147,0.00504692117094577,FALSE,0.00036446607783513,0.0187172039553812,"SRSF6","serine and arginine rich splicing factor 6"
"ENSG00000102057",6.48648648648649,15.7840909090909,-9.29760442260442,0.00439945040432657,FALSE,0.000365169653786474,0.0187172039553812,"KCND1","potassium voltage-gated channel subfamily D member 1"
"ENSG00000115507",3.87837837837838,7.71022727272727,-3.83184889434889,0.00248838901363734,FALSE,0.000365436648702641,0.0187172039553812,"OTX1","orthodenticle homeobox 1"
"ENSG00000137207",1.27027027027027,3.19886363636364,-1.92859336609337,0.00501387592142361,FALSE,0.000365737270407994,0.0187172039553812,"YIPF3","Yip1 domain family member 3"
"ENSG00000117676",3.24324324324324,7.76136363636364,-4.51812039312039,0.00505561018745955,FALSE,0.000370571497835341,0.0189107267489098,"RPS6KA1","ribosomal protein S6 kinase A1"
"ENSG00000197111",14.0675675675676,38.6818181818182,-24.6142506142506,0.00276681251305687,FALSE,0.000376317370120866,0.0191495436812496,"PCBP2","poly(rC) binding protein 2"
"ENSG00000100348",11.7162162162162,29.9318181818182,-18.215601965602,0.00695700590507422,FALSE,0.000380939868316782,0.0192950809858076,"TXN2","thioredoxin 2"
"ENSG00000137261",3.33783783783784,7.23295454545455,-3.89511670761671,0.0030890215189389,FALSE,0.000381325711181968,0.0192950809858076,"KIAA0319","KIAA0319"
"ENSG00000169919",2.08108108108108,4.76704545454545,-2.68596437346437,0.00661585068960377,FALSE,0.000386087682042428,0.0194811602037307,"GUSB","glucuronidase beta"
"ENSG00000168010",1.08108108108108,2.52840909090909,-1.44732800982801,0.00546799127422072,FALSE,0.00038994021626297,0.0196204372681561,"ATG16L2","autophagy related 16 like 2"
"ENSG00000237441",0.932432432432432,2.1875,-1.25506756756757,0.00646058515000519,FALSE,0.000391923937836108,0.0196651667467877,"RGL2","ral guanine nucleotide dissociation stimulator like 2"
"ENSG00000188976",6.13513513513514,13.5284090909091,-7.39327395577396,0.00341170917230896,FALSE,0.000399705236950022,0.0199997358532959,"NOC2L","NOC2 like nucleolar associated transcriptional repressor"
"ENSG00000128394",3.75675675675676,9.85227272727273,-6.09551597051597,0.00490022880226869,FALSE,0.000402371810780575,0.0200772356584763,"APOBEC3F","apolipoprotein B mRNA editing enzyme catalytic subunit 3F"
"ENSG00000072121",0.567567567567568,1.46022727272727,-0.892659705159705,0.00439675181282597,FALSE,0.000404756052478066,0.020140257536464,"ZFYVE26","zinc finger FYVE-type containing 26"
"ENSG00000051009",3.25675675675676,8.39204545454546,-5.1352886977887,0.00806623729635645,FALSE,0.000407331370323767,0.020191984955707,"FHIP1B","FHF complex subunit HOOK interacting protein 1B"
"ENSG00000131626",3.10810810810811,7.89772727272727,-4.78961916461916,0.00711771408428104,FALSE,0.000409366736638482,0.020191984955707,"PPFIA1","PTPRF interacting protein alpha 1"
"ENSG00000168939",0.689189189189189,1.83522727272727,-1.14603808353808,0.00488778172795361,FALSE,0.000409562503006259,0.020191984955707,"SPRY3","sprouty RTK signaling antagonist 3"
"ENSG00000152433",0.432432432432432,1.49431818181818,-1.06188574938575,0.00703295840135228,FALSE,0.000410291961745423,0.020191984955707,"ZNF547","zinc finger protein 547"
"ENSG00000213347",1.09459459459459,2.71590909090909,-1.6213144963145,0.00581794813286556,FALSE,0.000415450270546844,0.0203013946196758,"MXD3","MAX dimerization protein 3"
"ENSG00000167601",45.2162162162162,107.289772727273,-62.0735565110565,0.00372857032975751,FALSE,0.000416490630151636,0.0203013946196758,"AXL","AXL receptor tyrosine kinase"
"ENSG00000134815",7.85135135135135,19.5965909090909,-11.7452395577396,0.00655937270781685,FALSE,0.000416504594239492,0.0203013946196758,"DHX34","DExH-box helicase 34"
"ENSG00000161638",4.87837837837838,10.625,-5.74662162162162,0.00443143271907464,FALSE,0.000417035830020618,0.0203013946196758,"ITGA5","integrin subunit alpha 5"
"ENSG00000172349",6.33783783783784,16.3579545454545,-10.0201167076167,0.00705083186312501,FALSE,0.000419744950732032,0.0203780501351338,"IL16","interleukin 16"
"ENSG00000168016",4.68918918918919,11.8409090909091,-7.1517199017199,0.00623725070853018,FALSE,0.000423626951795407,0.0205110806876035,"TRANK1","tetratricopeptide repeat and ankyrin repeat containing 1"
"ENSG00000181467",18.8918918918919,48.7386363636364,-29.8467444717445,0.00610642215254898,FALSE,0.000426064278269241,0.0205416652890447,"RAP2B","RAP2B, member of RAS oncogene family"
"ENSG00000114019",10.7702702702703,27.3295454545455,-16.5592751842752,0.00310112180728826,FALSE,0.000426545741402531,0.0205416652890447,"AMOTL2","angiomotin like 2"
"ENSG00000101493",3.45945945945946,7.60227272727273,-4.14281326781327,0.00346736819279918,FALSE,0.000434450086454595,0.0208663820935398,"ZNF516","zinc finger protein 516"
"ENSG00000136827",1.72972972972973,4.42613636363636,-2.69640663390663,0.00632840698417469,FALSE,0.000436289310940014,0.0208988397131079,"TOR1A","torsin family 1 member A"
"ENSG00000203879",5.62162162162162,13.8863636363636,-8.26474201474202,0.00602391469450116,FALSE,0.000438021818676986,0.0209260264066348,"GDI1","GDP dissociation inhibitor 1"
"ENSG00000080608",3.58108108108108,10.9943181818182,-7.4132371007371,0.0137765301438123,FALSE,0.000447806673726401,0.0213367407961468,"PUM3","pumilio RNA binding family member 3"
"ENSG00000141096",0.108108108108108,0.403409090909091,-0.295300982800983,0.0105095308951298,FALSE,0.000452367065782739,0.0214970095308342,"DPEP3","dipeptidase 3"
"ENSG00000129245",6.06756756756757,18.3181818181818,-12.2506142506142,0.0105540238737181,FALSE,0.000454857603951451,0.0215583301841159,"FXR2","FMR1 autosomal homolog 2"
"ENSG00000110492",2.04054054054054,4.55681818181818,-2.51627764127764,0.00960420138980314,FALSE,0.000457124947612524,0.0216087774577994,"MDK","midkine"
"ENSG00000173120",8.85135135135135,22.5909090909091,-13.7395577395577,0.00693742627683124,FALSE,0.000470468783681354,0.0221811831004414,"KDM2A","lysine demethylase 2A"
"ENSG00000174796",5.02702702702703,12.6420454545455,-7.61501842751843,0.00792741223664287,FALSE,0.000480047642294122,0.0225735492108097,"THAP6","THAP domain containing 6"
"ENSG00000163389",0.864864864864865,1.99431818181818,-1.12945331695332,0.00770919513690447,FALSE,0.000485162578299024,0.0227545049451315,"POGLUT1","protein O-glucosyltransferase 1"
"ENSG00000171004",0.567567567567568,1.76704545454545,-1.19947788697789,0.00606064278006918,FALSE,0.000488845968258525,0.0228675524162185,"HS6ST2","heparan sulfate 6-O-sulfotransferase 2"
"ENSG00000079805",9.22972972972973,22.6988636363636,-13.4691339066339,0.00797202712159368,FALSE,0.000492150284652129,0.0229548445927244,"DNM2","dynamin 2"
"ENSG00000139618",6.39189189189189,14.3863636363636,-7.99447174447174,0.00412361639588463,FALSE,0.000493267829025865,0.0229548445927244,"BRCA2","BRCA2 DNA repair associated"
"ENSG00000197841",0.554054054054054,1.65909090909091,-1.10503685503686,0.0116706363538395,FALSE,0.000497386064438235,0.0230866818488476,"ZNF181","zinc finger protein 181"
"ENSG00000155744",0.0810810810810811,0.295454545454545,-0.214373464373464,0.0100140180700746,FALSE,0.00050881852189562,0.023556461620647,"HYCC2","hyccin PI4KA lipid kinase complex subunit 2"
"ENSG00000124181",6.81081081081081,16.1704545454545,-9.35964373464374,0.00941422341810289,FALSE,0.00051094199473293,0.0235939615716905,"PLCG1","phospholipase C gamma 1"
"ENSG00000124222",6.21621621621622,14.125,-7.90878378378378,0.00366275143030023,FALSE,0.000512452995534446,0.0236030593815006,"STX16","syntaxin 16"
"ENSG00000173575",17.2972972972973,43.0170454545455,-25.7197481572482,0.00901845383212095,FALSE,0.000516150030977529,0.0237125396584382,"CHD2","chromodomain helicase DNA binding protein 2"
"ENSG00000102241",2.08108108108108,5.98863636363636,-3.90755528255528,0.00981974676004676,FALSE,0.00052675053127148,0.0241378055949735,"HTATSF1","HIV-1 Tat specific factor 1"
"ENSG00000167741",0,0.875,-0.875,0.0230403054524422,FALSE,0.000529078401670013,0.024182787097197,"GGT6","gamma-glutamyltransferase 6"
"ENSG00000125522",0,0.948863636363636,-0.948863636363636,0.0231169019722649,FALSE,0.000532807226056611,0.0242914116793271,"NPBWR2","neuropeptides B and W receptor 2"
"ENSG00000100575",0.743243243243243,2.40340909090909,-1.66016584766585,0.0079213685372943,FALSE,0.000540689787831131,0.0245883814147104,"TIMM9","translocase of inner mitochondrial membrane 9"
"ENSG00000115594",1.7972972972973,4.66477272727273,-2.86747542997543,0.00737507526402732,FALSE,0.000545092604234426,0.0247260061865227,"IL1R1","interleukin 1 receptor type 1"
"ENSG00000137673",0.148648648648649,8.00568181818182,-7.85703316953317,0.0234450344530468,FALSE,0.000550015042775127,0.0247982156351168,"MMP7","matrix metallopeptidase 7"
"ENSG00000006606",0,1.35227272727273,-1.35227272727273,0.0234777438693042,FALSE,0.000550559243837813,0.0247982156351168,"CCL26","C-C motif chemokine ligand 26"
"ENSG00000185862",0.0135135135135135,0.119318181818182,-0.105804668304668,0.0137331718356927,FALSE,0.000551966204506288,0.0247982156351168,"EVI2B","ecotropic viral integration site 2B"
"ENSG00000134444",2.81081081081081,7.04545454545455,-4.23464373464373,0.0041600407197312,FALSE,0.000552206549799406,0.0247982156351168,"RELCH","RAB11 binding and LisH domain, coiled-coil and HEAT repeat containing"
"ENSG00000015285",5.94594594594595,13.8863636363636,-7.94041769041769,0.0060737403593486,FALSE,0.000556161898219447,0.0249135565529075,"WAS","WASP actin nucleation promoting factor"
"ENSG00000138119",2.74324324324324,7.27840909090909,-4.53516584766585,0.0034895506578605,FALSE,0.00057078681716153,0.0255050835738124,"MYOF","myoferlin"
"ENSG00000182185",9.7027027027027,25.9375,-16.2347972972973,0.00787713735682726,FALSE,0.000573040708558205,0.0255422586794815,"RAD51B","RAD51 paralog B"
"ENSG00000175110",5.97297297297297,18.3068181818182,-12.3338452088452,0.00610552435548557,FALSE,0.000582913845710804,0.0258831266217458,"MRPS22","mitochondrial ribosomal protein S22"
"ENSG00000151490",11.5405405405405,24.0909090909091,-12.5503685503685,0.00584785691575922,FALSE,0.000583569909358516,0.0258831266217458,"PTPRO","protein tyrosine phosphatase receptor type O"
"ENSG00000163812",0.594594594594595,2.09090909090909,-1.4963144963145,0.0147232157081946,FALSE,0.00061034786233467,0.0270041346086642,"ZDHHC3","zinc finger DHHC-type palmitoyltransferase 3"
"ENSG00000183230",28.7567567567568,7.44318181818182,21.3135749385749,2.96192010312708e-06,FALSE,0.000612825607530971,0.0270471410026507,"CTNNA3","catenin alpha 3"
"ENSG00000260903",0.027027027027027,0.159090909090909,-0.132063882063882,0.0123743295898399,FALSE,0.000616975024349465,0.0271635352019349,"XKR7","XK related 7"
"ENSG00000160685",3.91891891891892,9.27272727272727,-5.35380835380835,0.00505308560582006,FALSE,0.000625457757017525,0.0273991887018937,"ZBTB7B","zinc finger and BTB domain containing 7B"
"ENSG00000089157",23.7162162162162,60.6193181818182,-36.903101965602,0.00787096381368552,FALSE,0.00062675696097937,0.0273991887018937,"RPLP0","ribosomal protein lateral stalk subunit P0"
"ENSG00000132952",6.2027027027027,16.5625,-10.3597972972973,0.0115567262958007,FALSE,0.000626903443549425,0.0273991887018937,"USPL1","ubiquitin specific peptidase like 1"
"ENSG00000128564",0.351351351351351,2.875,-2.52364864864865,0.0148108151788538,FALSE,0.000628680057901664,0.0274101453400184,"VGF","VGF nerve growth factor inducible"
"ENSG00000166387",0.527027027027027,1.625,-1.09797297297297,0.00916226591256681,FALSE,0.000630220132930331,0.0274107608906236,"PPFIBP2","PPFIA binding protein 2"
"ENSG00000196998",0.72972972972973,1.85795454545455,-1.12822481572482,0.0109137078349471,FALSE,0.000645921508877931,0.028025816579648,"WDR45","WD repeat domain 45"
"ENSG00000198796",2.77027027027027,0.875,1.89527027027027,1.4816953507225e-05,FALSE,0.000655868339237171,0.0283888264523309,"ALPK2","alpha kinase 2"
"ENSG00000107864",2.08108108108108,5.11931818181818,-3.0382371007371,0.00588029540440225,FALSE,0.000661649998469246,0.0285270085655607,"CPEB3","cytoplasmic polyadenylation element binding protein 3"
"ENSG00000023041",1.21621621621622,2.92045454545455,-1.70423832923833,0.00852971489935717,FALSE,0.000663412048682863,0.0285270085655607,"ZDHHC6","zinc finger DHHC-type palmitoyltransferase 6"
"ENSG00000184988",0.756756756756757,2.09659090909091,-1.33983415233415,0.0075913121314994,FALSE,0.000663825061537848,0.0285270085655607,"TMEM106A","transmembrane protein 106A"
"ENSG00000068383",0.567567567567568,1.34659090909091,-0.779023341523342,0.0107846820924138,FALSE,0.000668707599506329,0.0286682448924396,"INPP5A","inositol polyphosphate-5-phosphatase A"
"ENSG00000122359",1.28378378378378,3.22727272727273,-1.94348894348894,0.0134015457308834,FALSE,0.000678024325045702,0.0289592136376703,"ANXA11","annexin A11"
"ENSG00000117226",1.14864864864865,3.28977272727273,-2.14112407862408,0.00712953745889284,FALSE,0.000678718974640049,0.0289592136376703,"GBP3","guanylate binding protein 3"
"ENSG00000204560",9.47297297297297,26.25,-16.777027027027,0.0131632405586852,FALSE,0.000681322910466922,0.0290014299543065,"DHX16","DEAH-box helicase 16"
"ENSG00000254685",5.28378378378378,12.1875,-6.90371621621622,0.00974656613499766,FALSE,0.000684858510925342,0.0290195442933175,"FPGT","fucose-1-phosphate guanylyltransferase"
"ENSG00000113719",3.74324324324324,9.76136363636364,-6.01812039312039,0.0122256344757516,FALSE,0.000684979501217314,0.0290195442933175,"ERGIC1","endoplasmic reticulum-golgi intermediate compartment 1"
"ENSG00000123171",0.716216216216216,2.60795454545455,-1.89173832923833,0.00880162794372658,FALSE,0.00068873684312497,0.0291100703836561,"CCDC70","coiled-coil domain containing 70"
"ENSG00000105656",0.986486486486487,2.88068181818182,-1.89419533169533,0.00938908982107912,FALSE,0.000694292495816441,0.0292010006216909,"ELL","elongation factor for RNA polymerase II"
"ENSG00000158710",23.0405405405405,53.7045454545455,-30.6640049140049,0.00327843251099381,FALSE,0.00069484955286569,0.0292010006216909,"TAGLN2","transgelin 2"
"ENSG00000067182",5.06756756756757,10.4545454545455,-5.38697788697789,0.00494882909831306,FALSE,0.000695765087462213,0.0292010006216909,"TNFRSF1A","TNF receptor superfamily member 1A"
"ENSG00000120279",0.189189189189189,0.5,-0.310810810810811,0.00583104252978927,FALSE,0.000707822143180945,0.0296377835849868,"MYCT1","MYC target 1"
"ENSG00000125772",1.89189189189189,4.33522727272727,-2.44333538083538,0.00298969410729179,FALSE,0.000714571632912958,0.029850814516315,"GPCPD1","glycerophosphocholine phosphodiesterase 1"
"ENSG00000152558",15,32.6534090909091,-17.6534090909091,0.00676755546133496,FALSE,0.000718852139915985,0.0299599558916725,"TMEM123","transmembrane protein 123"
"ENSG00000047578",6.27027027027027,14.0340909090909,-7.76382063882064,0.00968206352353521,FALSE,0.000721220036662834,0.0299890637004039,"KATNIP","katanin interacting protein"
"ENSG00000080298",2.72972972972973,6.18181818181818,-3.45208845208845,0.00703821953693998,FALSE,0.000728191053866974,0.030168747966464,"RFX3","regulatory factor X3"
"ENSG00000139641",2.85135135135135,6.92045454545455,-4.06910319410319,0.0140946619083272,FALSE,0.000728900329424115,0.030168747966464,"ESYT1","extended synaptotagmin 1"
"ENSG00000162734",4.27027027027027,11.2045454545455,-6.93427518427518,0.00776034291665189,FALSE,0.000747745479585052,0.0308775909190489,"PEA15","proliferation and apoptosis adaptor protein 15"
"ENSG00000118640",6.59459459459459,16.1590909090909,-9.56449631449632,0.00932632728047772,FALSE,0.000760294776772505,0.0313237960439553,"VAMP8","vesicle associated membrane protein 8"
"ENSG00000152443",1.48648648648649,3.92613636363636,-2.43964987714988,0.0107884667242343,FALSE,0.000771768620924901,0.0317237522601236,"ZNF776","zinc finger protein 776"
"ENSG00000172183",5.95945945945946,13.9545454545455,-7.995085995086,0.00753995663464333,FALSE,0.000782663428294343,0.0320981350740897,"ISG20","interferon stimulated exonuclease gene 20"
"ENSG00000010318",12.5540540540541,29.4375,-16.8834459459459,0.0074657685868284,FALSE,0.000787837030439225,0.0322367120222775,"PHF7","PHD finger protein 7"
"ENSG00000125952",5.55405405405405,12.2272727272727,-6.67321867321867,0.00340330477181832,FALSE,0.000794874408049328,0.0324507477086138,"MAX","MYC associated factor X"
"ENSG00000111052",2.09459459459459,4.4375,-2.34290540540541,0.00604524206411754,FALSE,0.00080040019117156,0.0326022418004869,"LIN7A","lin-7 homolog A, crumbs cell polarity complex component"
"ENSG00000197272",6.08108108108108,16.8920454545455,-10.8109643734644,0.0044555232185815,FALSE,0.000817911820930987,0.0331938911032381,"IL27","interleukin 27"
"ENSG00000010319",2.85135135135135,6.03977272727273,-3.18842137592138,0.00933197158054845,FALSE,0.000818621263638284,0.0331938911032381,"SEMA3G","semaphorin 3G"
"ENSG00000166887",4.5,12.2954545454545,-7.79545454545454,0.00942463597241369,FALSE,0.000830907598428084,0.0336162008796479,"VPS39","VPS39 subunit of HOPS complex"
"ENSG00000120029",0.391891891891892,1.02840909090909,-0.636517199017199,0.0080960392797583,FALSE,0.000837951643026583,0.033825000817273,"ARMH3","armadillo like helical domain containing 3"
"ENSG00000088038",5.14864864864865,12.8465909090909,-7.69794226044226,0.0104582716449365,FALSE,0.000841260578361336,0.033882429975571,"CNOT3","CCR4-NOT transcription complex subunit 3"
"ENSG00000080546",0.621621621621622,1.68181818181818,-1.06019656019656,0.0074631918158063,FALSE,0.000844950390005574,0.0339549079545193,"SESN1","sestrin 1"
"ENSG00000087074",8.2972972972973,17.0397727272727,-8.74247542997543,0.00850025316887456,FALSE,0.000847899032267673,0.0339973444567505,"PPP1R15A","protein phosphatase 1 regulatory subunit 15A"
"ENSG00000165609",5.31081081081081,13.1590909090909,-7.8482800982801,0.00614261529150001,FALSE,0.000852780024755771,0.0341168988523116,"NUDT5","nudix hydrolase 5"
"ENSG00000124449",0.0810810810810811,12.6420454545455,-12.5609643734644,0.0291745505717307,FALSE,0.000872062257798807,0.0348107874151999,"IRGC","immunity related GTPase cinema"
"ENSG00000196670",3.59459459459459,9.60227272727273,-6.00767813267813,0.0118450928977388,FALSE,0.0008835799895269,0.035174746405157,"ZFP62","ZFP62 zinc finger protein"
"ENSG00000126653",2.17567567567568,5.64772727272727,-3.4720515970516,0.00600293620328837,FALSE,0.000885096329963312,0.035174746405157,"NSRP1","nuclear speckle splicing regulatory protein 1"
"ENSG00000168394",10.9864864864865,24.1420454545455,-13.155558968059,0.00703566632707645,FALSE,0.000894552977604822,0.0354720863945153,"TAP1","transporter 1, ATP binding cassette subfamily B member"
"ENSG00000167110",8.82432432432432,22.4772727272727,-13.6529484029484,0.0114257436328471,FALSE,0.000899351269552953,0.0355838036453297,"GOLGA2","golgin A2"
"ENSG00000124508",3.66216216216216,8.3125,-4.65033783783784,0.00408169170727191,FALSE,0.000906405919618181,0.0357841088661569,"BTN2A2","butyrophilin subfamily 2 member A2"
"ENSG00000156709",13.2567567567568,31.9318181818182,-18.6750614250614,0.0105791114742426,FALSE,0.000912739285452129,0.0358960394171291,"AIFM1","apoptosis inducing factor mitochondria associated 1"
"ENSG00000137842",8.62162162162162,20.1363636363636,-11.514742014742,0.00603608786957156,FALSE,0.000914399965325622,0.0358960394171291,"TMEM62","transmembrane protein 62"
"ENSG00000167470",0.22972972972973,0.590909090909091,-0.361179361179361,0.0111333782352052,FALSE,0.000917167119937492,0.0358960394171291,"MIDN","midnolin"
"ENSG00000156711",26.5945945945946,61.2443181818182,-34.6497235872236,0.00853953464274061,FALSE,0.000917234431468145,0.0358960394171291,"MAPK13","mitogen-activated protein kinase 13"
"ENSG00000147996",0.0405405405405405,0.227272727272727,-0.186732186732187,0.0197151434434914,FALSE,0.000922259119330447,0.036014218609854,"ZNG1E","Zn regulated GTPase metalloprotein activator 1E"
"ENSG00000070190",3.98648648648649,9.83522727272727,-5.84874078624079,0.012292797528268,FALSE,0.000925194663286224,0.036020430696326,"DAPP1","dual adaptor of phosphotyrosine and 3-phosphoinositides 1"
"ENSG00000111328",2.36486486486486,5.65909090909091,-3.29422604422604,0.0160779571929988,FALSE,0.000926428713561354,0.036020430696326,"CDK2AP1","cyclin dependent kinase 2 associated protein 1"
"ENSG00000120675",4.25675675675676,11.6931818181818,-7.43642506142506,0.0095056372494474,FALSE,0.000929193257700587,0.0360498887431439,"DNAJC15","DnaJ heat shock protein family (Hsp40) member C15"
"ENSG00000171860",6.98648648648649,15.7897727272727,-8.80328624078624,0.00475065102115782,FALSE,0.00093972720202753,0.0363799994181477,"C3AR1","complement C3a receptor 1"
"ENSG00000136463",3.75675675675676,10.3011363636364,-6.54437960687961,0.0117972809968158,FALSE,0.000943295098543262,0.0363878260273746,"TACO1","translational activator of cytochrome c oxidase I"
"ENSG00000067225",19.0540540540541,43.2556818181818,-24.2016277641278,0.00926054031764059,FALSE,0.000943980789887912,0.0363878260273746,"PKM","pyruvate kinase M1/2"
"ENSG00000101474",3.08108108108108,7.64772727272727,-4.56664619164619,0.00758415274301697,FALSE,0.000947496848439073,0.0364451517955269,"APMAP","adipocyte plasma membrane associated protein"
"ENSG00000115392",1.66216216216216,3.8125,-2.15033783783784,0.00853735236183553,FALSE,0.000951796016135689,0.0365322902518064,"FANCL","FA complementation group L"
"ENSG00000188739",13.972972972973,34.6420454545455,-20.6690724815725,0.0100950688850525,FALSE,0.000959075392334571,0.0367332010074753,"RBM34","RNA binding motif protein 34"
"ENSG00000070269",0.135135135135135,0.409090909090909,-0.273955773955774,0.0136658598031153,FALSE,0.000968040027643881,0.0369976659926958,"TMEM260","transmembrane protein 260"
"ENSG00000123405",1.97297297297297,4.42613636363636,-2.45316339066339,0.0109950409041273,FALSE,0.00097145747878269,0.0370494494508991,"NFE2","nuclear factor, erythroid 2"
"ENSG00000100319",4.2972972972973,9.20454545454546,-4.90724815724816,0.0127159241473824,FALSE,0.000975428854672622,0.0371220943145854,"ZMAT5","zinc finger matrin-type 5"
"ENSG00000169230",0.608108108108108,1.5625,-0.954391891891892,0.0124064719016521,FALSE,0.00098060653951345,0.0372402436982666,"PRELID1","PRELI domain containing 1"
"ENSG00000101337",2.35135135135135,5.90909090909091,-3.55773955773956,0.00549166849734277,FALSE,0.000991093157981978,0.0375191682063365,"TM9SF4","transmembrane 9 superfamily member 4"
"ENSG00000180758",5.01351351351351,12.2272727272727,-7.21375921375921,0.0031919714911879,FALSE,0.000992128536325214,0.0375191682063365,"GPR157","G protein-coupled receptor 157"
"ENSG00000103111",1.7972972972973,4.81818181818182,-3.02088452088452,0.0109807838028615,FALSE,0.00100029166349442,0.0377484015784671,"MON1B","MON1 homolog B, secretory trafficking associated"
"ENSG00000131355",1.98648648648649,4.1875,-2.20101351351351,0.00912829485500632,FALSE,0.00100517015758757,0.0378476934744009,"ADGRE3","adhesion G protein-coupled receptor E3"
"ENSG00000100316",29.4189189189189,69.5056818181818,-40.0867628992629,0.00890597333574848,FALSE,0.00100713675225539,0.0378476934744009,"RPL3","ribosomal protein L3"
"ENSG00000138777",6.04054054054054,15.7897727272727,-9.74923218673219,0.00900832805311634,FALSE,0.00101147118532432,0.0379312252650957,"PPA2","inorganic pyrophosphatase 2"
"ENSG00000127824",31.1216216216216,66.3522727272727,-35.2306511056511,0.00958039976598981,FALSE,0.00103568614483033,0.0387583962908067,"TUBA4A","tubulin alpha 4a"
"ENSG00000146842",0.445945945945946,1.28409090909091,-0.838144963144963,0.0134373604162972,FALSE,0.00103817528941825,0.0387707748935969,"TMEM209","transmembrane protein 209"
"ENSG00000116604",6.55405405405405,14.5852272727273,-8.03117321867322,0.00987775390902989,FALSE,0.00104622314471254,0.0389902621337582,"MEF2D","myocyte enhancer factor 2D"
"ENSG00000136279",2.2972972972973,6.05681818181818,-3.75952088452088,0.0154194887106857,FALSE,0.00106522289003222,0.0395363089884013,"DBNL","drebrin like"
"ENSG00000182179",9.67567567567568,23.6590909090909,-13.9834152334152,0.00830715521075498,FALSE,0.00106628092688628,0.0395363089884013,"UBA7","ubiquitin like modifier activating enzyme 7"
"ENSG00000119669",1.33783783783784,3.02840909090909,-1.69057125307125,0.0075633016815983,FALSE,0.00106747814170098,0.0395363089884013,"IRF2BPL","interferon regulatory factor 2 binding protein like"
"ENSG00000185885",10.4054054054054,22.9147727272727,-12.5093673218673,0.00601269905877383,FALSE,0.00109906039133971,0.0406222670980149,"IFITM1","interferon induced transmembrane protein 1"
"ENSG00000144040",0.581081081081081,1.44886363636364,-0.867782555282555,0.0176052124798395,FALSE,0.0011019211206504,0.0406443718485484,"SFXN5","sideroflexin 5"
"ENSG00000173200",1.5,3.65909090909091,-2.15909090909091,0.0106841640411869,FALSE,0.00110947114895145,0.0408138558671646,"PARP15","poly(ADP-ribose) polymerase family member 15"
"ENSG00000124126",4.2027027027027,10.4147727272727,-6.21207002457002,0.0145742217166671,FALSE,0.00111341434050945,0.0408138558671646,"PREX1","phosphatidylinositol-3,4,5-trisphosphate dependent Rac exchange factor 1"
"ENSG00000162909",12.4864864864865,26.8238636363636,-14.3373771498772,0.0076521917713876,FALSE,0.00111630413795791,0.0408138558671646,"CAPN2","calpain 2"
"ENSG00000215274",7.24324324324324,27.1193181818182,-19.8760749385749,0.0130222029031893,FALSE,0.00111767905240681,0.0408138558671646,"GAGE10","G antigen 10"
"ENSG00000139433",0.162162162162162,0.568181818181818,-0.406019656019656,0.0161757527951992,FALSE,0.00111843772838266,0.0408138558671646,"GLTP","glycolipid transfer protein"
"ENSG00000187742",10.9189189189189,25.8068181818182,-14.8878992628993,0.00612228496753856,FALSE,0.00112014869133843,0.0408138558671646,"SECISBP2","SECIS binding protein 2"
"ENSG00000090316",2.40540540540541,5.42613636363636,-3.02073095823096,0.016096555634184,FALSE,0.00112847337215801,0.0410339416681665,"MAEA","macrophage erythroblast attacher, E3 ubiquitin ligase"
"ENSG00000178726",16.8243243243243,37.0056818181818,-20.1813574938575,0.0082437213882368,FALSE,0.00114137378687346,0.0414191865325415,"THBD","thrombomodulin"
"ENSG00000108604",5.43243243243243,13.6704545454545,-8.23802211302211,0.0209207202624649,FALSE,0.00114569242835626,0.0414920828438781,"SMARCD2","SWI/SNF related BAF chromatin remodeling complex subunit D2"
"ENSG00000125485",21.5810810810811,55.5170454545455,-33.9359643734644,0.014630511497853,FALSE,0.00119497330677123,0.0431897495161602,"DDX31","DEAD-box helicase 31"
"ENSG00000169221",0.256756756756757,0.767045454545455,-0.510288697788698,0.00944026388370127,FALSE,0.00120256448841485,0.0433678830481867,"TBC1D10B","TBC1 domain family member 10B"
"ENSG00000183092",29.7972972972973,11.6079545454545,18.1893427518428,5.99520936578438e-05,FALSE,0.00120670570036589,0.0433678830481867,"BEGAIN","brain enriched guanylate kinase associated"
"ENSG00000135334",41.8918918918919,95.3693181818182,-53.4774262899263,0.0113801615584477,FALSE,0.00120714477114588,0.0433678830481867,"AKIRIN2","akirin 2"
"ENSG00000104324",1.43243243243243,3.25568181818182,-1.82324938574939,0.0106068436671883,FALSE,0.00121269063182868,0.0433839844865698,"CPQ","carboxypeptidase Q"
"ENSG00000109016",18.3108108108108,39.9829545454545,-21.6721437346437,0.00951795495183511,FALSE,0.00121549353952996,0.0433839844865698,"DHRS7B","dehydrogenase/reductase 7B"
"ENSG00000087157",1.85135135135135,4.63636363636364,-2.78501228501229,0.00871904723740763,FALSE,0.00121916925808918,0.0433839844865698,"PGS1","phosphatidylglycerophosphate synthase 1"
"ENSG00000152422",0.743243243243243,2.19886363636364,-1.45562039312039,0.0124187464567348,FALSE,0.00122044404742015,0.0433839844865698,"XRCC4","X-ray repair cross complementing 4"
"ENSG00000100030",42.527027027027,93.2045454545455,-50.6775184275184,0.00848654045764572,FALSE,0.00122119179971717,0.0433839844865698,"MAPK1","mitogen-activated protein kinase 1"
"ENSG00000177098",0.027027027027027,0.153409090909091,-0.126382063882064,0.0186563789484791,FALSE,0.00122208407004422,0.0433839844865698,"SCN4B","sodium voltage-gated channel beta subunit 4"
"ENSG00000066136",2.86486486486486,6.53409090909091,-3.66922604422604,0.0145162014693284,FALSE,0.00122767108217864,0.0434963622271695,"NFYC","nuclear transcription factor Y subunit gamma"
"ENSG00000158352",5.89189189189189,16.2329545454545,-10.3410626535627,0.015687182920923,FALSE,0.00125614120475055,0.0443622388973664,"SHROOM4","shroom family member 4"
"ENSG00000132357",1.59459459459459,4.01136363636364,-2.41676904176904,0.0147652304345238,FALSE,0.00125887565695432,0.0443622388973664,"CARD6","caspase recruitment domain family member 6"
"ENSG00000183760",17.9189189189189,5.16477272727273,12.7541461916462,1.62644320599773e-05,FALSE,0.00125951911360334,0.0443622388973664,"ACP7","acid phosphatase 7, tartrate resistant (putative)"
"ENSG00000119682",4.08108108108108,10.4545454545455,-6.37346437346437,0.0120788119325624,FALSE,0.00126895567606476,0.0446071444406093,"AREL1","apoptosis resistant E3 ubiquitin protein ligase 1"
"ENSG00000183688",0.202702702702703,0.505681818181818,-0.302979115479115,0.0072802657410265,FALSE,0.00127282064504834,0.0446556196230534,"RFLNB","refilin B"
"ENSG00000185272",5.67567567567568,12.5056818181818,-6.83000614250614,0.0111986875092471,FALSE,0.00128597082741293,0.0450070359070698,"RBM11","RNA binding motif protein 11"
"ENSG00000261115",0.027027027027027,0.159090909090909,-0.132063882063882,0.0205870223673629,FALSE,0.00128784815767043,0.0450070359070698,"TMEM178B","transmembrane protein 178B"
"ENSG00000140853",3.41891891891892,7.65340909090909,-4.23449017199017,0.0146578982099176,FALSE,0.00133713498166467,0.0466387488847426,"NLRC5","NLR family CARD domain containing 5"
"ENSG00000181588",0.608108108108108,1.67045454545455,-1.06234643734644,0.0200685538461674,FALSE,0.00135784725875306,0.047269399823607,"MEX3D","mex-3 RNA binding family member D"
"ENSG00000172264",1.16216216216216,2.74431818181818,-1.58215601965602,0.00932151836578051,FALSE,0.00137322091030071,0.0476700005835489,"MACROD2","mono-ADP ribosylhydrolase 2"
"ENSG00000224578",10.1891891891892,27.5568181818182,-17.367628992629,0.00654081440168421,FALSE,0.00137466237834873,0.0476700005835489,"HNRNPA1L3","heterogeneous nuclear ribonucleoprotein A1 like 3"
"ENSG00000134001",8.41891891891892,19.5113636363636,-11.0924447174447,0.0136119953717123,FALSE,0.00137762867267317,0.047680816661326,"EIF2S1","eukaryotic translation initiation factor 2 subunit alpha"
"ENSG00000147383",17.1891891891892,36.6079545454545,-19.4187653562654,0.0101223930462991,FALSE,0.00138597573315529,0.0477908305335412,"NSDHL","NAD(P) dependent 3-beta-hydroxysteroid dehydrogenase NSDHL"
"ENSG00000138964",2.94594594594595,5.82386363636364,-2.87791769041769,0.00738330674573224,FALSE,0.00138912599319158,0.0477908305335412,"PARVG","parvin gamma"
"ENSG00000128335",0.864864864864865,2.03977272727273,-1.17490786240786,0.01761577305467,FALSE,0.00138955202635506,0.0477908305335412,"APOL2","apolipoprotein L2"
"ENSG00000178980",0,0.0568181818181818,-0.0568181818181818,0.0364828981798329,FALSE,0.00139849984328652,0.0477908305335412,"SELENOW","selenoprotein W"
"ENSG00000196666",0,0.0568181818181818,-0.0568181818181818,0.0364828981798327,FALSE,0.00139849984328652,0.0477908305335412,"FAM180B","family with sequence similarity 180 member B"
"ENSG00000197852",0.243243243243243,0.642045454545455,-0.398802211302211,0.0119018344384383,FALSE,0.00139932616571909,0.0477908305335412,"INKA2","inka box actin regulator 2"
"ENSG00000128342",0.121621621621622,0.397727272727273,-0.276105651105651,0.00852268718885292,FALSE,0.00139943087795149,0.0477908305335412,"LIF","LIF interleukin 6 family cytokine"
"ENSG00000132589",2.36486486486486,5.44318181818182,-3.07831695331695,0.00950617820349355,FALSE,0.00140979937787869,0.0480535601989278,"FLOT2","flotillin 2"
"ENSG00000184007",1.2972972972973,2.84659090909091,-1.54929361179361,0.0126031575244563,FALSE,0.00142405392513906,0.0484475012448352,"PTP4A2","protein tyrosine phosphatase 4A2"
"ENSG00000087266",0.513513513513513,1.25,-0.736486486486487,0.012440925946382,FALSE,0.00143425907605398,0.0486199116362102,"SH3BP2","SH3 domain binding protein 2"
"ENSG00000149548",0.0540540540540541,0.255681818181818,-0.201627764127764,0.0184098469048679,FALSE,0.00143453505356519,0.0486199116362102,"CCDC15","coiled-coil domain containing 15"
"ENSG00000242372",11.2702702702703,25.6761363636364,-14.4058660933661,0.0127085208184012,FALSE,0.00143846659760744,0.0486613474441101,"EIF6","eukaryotic translation initiation factor 6"
"ENSG00000125449",0.445945945945946,1.32386363636364,-0.877917690417691,0.010837046349587,FALSE,0.00144302618366567,0.0487238333405761,"ARMC7","armadillo repeat containing 7"
"ENSG00000175643",0.527027027027027,1.23295454545455,-0.705927518427518,0.0141209192890423,FALSE,0.00144931033770893,0.0488442056215112,"RMI2","RecQ mediated genome instability 2"
"ENSG00000254986",0.77027027027027,1.78409090909091,-1.01382063882064,0.0147666273928524,FALSE,0.00145753158361672,0.0490292880833466,"DPP3","dipeptidyl peptidase 3"
"ENSG00000114127",11.9054054054054,28.1079545454545,-16.2025491400491,0.00958028710593699,FALSE,0.00146712364729802,0.0492597048157277,"XRN1","5'-3' exoribonuclease 1"
"ENSG00000105821",6.77027027027027,18.2840909090909,-11.5138206388206,0.0156356316695859,FALSE,0.00147604338697025,0.0494667301495274,"DNAJC2","DnaJ heat shock protein family (Hsp40) member C2"
"ENSG00000110619",1.25675675675676,3.60227272727273,-2.34551597051597,0.0190527967129231,FALSE,0.0014823591027377,0.0495858781424158,"CARS1","cysteinyl-tRNA synthetase 1"
"ENSG00000061794",6.78378378378378,16.2840909090909,-9.50030712530713,0.0112782127520369,FALSE,0.00148998084347631,0.0497481893891543,"MRPS35","mitochondrial ribosomal protein S35"
"ENSG00000197790",0,0.846590909090909,-0.846590909090909,0.0376804753486499,FALSE,0.00149727273669431,0.0498560109834039,"OR52M1","olfactory receptor family 52 subfamily M member 1"
"ENSG00000127084",0.621621621621622,1.49431818181818,-0.87269656019656,0.0129818768231137,FALSE,0.00149876111624106,0.0498560109834039,"FGD3","FYVE, RhoGEF and PH domain containing 3"
